date,game_id,away_team,home_team,market_spread_str,pick,model_spread_str,pred_margin_04,pred_margin_09,pred_margin_10,pred_margin_blend,edge_04,edge_09,edge_10,edge_blend,agree_bonus,all3_agree_bonus,hit_bonus,disagree_pen,edge_pts,brain_score,market_spread_home,elo_diff_04,tempo_base,tempo_match,tempo_vol,tempo_gap,matchup_ppp_sum,matchup_gap,close_game,blowout_game,margin_vol_game,home_rest,away_rest,rest_diff,rest_min,gp_min,home_poss_l10,away_poss_l10,home_resid5,home_resid10,home_resid_w5,home_resid_w10,home_resid_sd5,home_venue_resid5,home_venue_w10,home_n_hist,away_resid5,away_resid10,away_resid_w5,away_resid_w10,away_resid_sd5,away_venue_resid5,away_venue_w10,away_n_hist,away_score,home_score,actual_margin_home,game_result,pick_result
2026-03-06,401818565,Pennsylvania Quakers,Brown Bears,Brown Bears +2,Pennsylvania Quakers -2,Pennsylvania Quakers -13,-14,-19,-9.5,-13,-12,-17.5,-8,-11.5,2.8,1.5,0.6,0,11.5,16.3,1.75,-213.8437469407079,68.84062499999999,67.57375,9.634998717596737,-1.2668749999999847,-0.10963654794477806,0.04147871371867584,0.375,0.275,8.761931163595717,6,6,0,6,24,67.325,67.8225,2.2962179153790188,-3.5852837689737806,0.46773126226675726,-0.9217699255987878,7.795793445100449,-3.7024577257268056,0.7653880759978114,24,3.855141214543627,1.8049839320111403,3.0251856135376376,2.8583263848320692,2.080375355560614,7.153757244347727,4.565904413878323,26,82,61,-21,Pennsylvania Quakers -21,W
2026-03-06,401851489,UIC Flames,Murray State Racers,Murray State Racers 0,UIC Flames 0,UIC Flames -10.5,-7.5,-8.5,-13.5,-10.5,-7.5,-8.5,-13.5,-10.5,2.8,1.5,0.6,0,10.5,15.5,0,-45.90959170512906,70.06553114571747,68.8375,8.83288201895147,-1.2280311457174662,-0.010945872628029374,0.15139582805185814,0.35,0.275,15.150688970966197,5,5,0,5,29,69.22749999999999,68.4475,-6.299607961215809,-6.023387017495298,-5.970270270987582,-6.347642425006183,7.0534246578321484,-7.970757083544956,-5.165497585701716,31,4.489902071785752,2.3054421652787527,-3.118650081897635,1.6808762712566925,20.790778696530257,2.1824065700672883,3.936116375291367,29,92,79,-13,UIC Flames -13,W
2026-03-06,401856422,Northeastern Huskies,North Carolina A&T Aggies,North Carolina A&T Aggies +2,North Carolina A&T Aggies +2,North Carolina A&T Aggies -6,0.5,7,8,6,2.5,9,10,8,2.8,1.5,0.6,0,8,12.7,2,135.4903163342326,69.76919642857143,68.35374999999999,8.265746815097502,-1.4154464285714425,-0.24561562414268012,0.0015453297321084136,0.275,0.25,9.911210457134683,3,3,0,3,28,68.2325,68.475,-1.8918039018099695,-1.2201798108387323,-4.0049234232346915,-2.626785434920063,15.779514632540144,-1.914946842158903,-2.357237684815324,28,-2.0541953095131427,-4.309322728343341,-1.0315338223616104,-3.928764120315182,4.7004432612285685,-1.7154133128590467,-2.383692744380333,28,88,72,-16,Northeastern Huskies -16,L
2026-03-06,401851621,Omaha Mavericks,South Dakota Coyotes,South Dakota Coyotes +2.5,South Dakota Coyotes +2.5,South Dakota Coyotes -6.5,-6,21,6,6.5,-3.5,23.5,8.5,9,0.8,0,0.6,0,9,12.4,2.5,-9.681908644994335,70.49625,69.7875,6.395952171137383,-0.7087500000000091,-0.02473419174721725,0.12022070124600592,0.3,0.35,11.276065859834322,6,6,0,6,27,70.455,69.12,-1.6552294290496288,-2.371788077860273,1.4862781919003654,-0.6265487855720504,12.859768190999983,1.4878386552706158,4.6227292729652305,27,-2.2539649597823064,1.6163777899194083,-5.64297399519942,-1.749935069584288,10.219435748308541,-3.7184875133003574,-2.3577922601673187,30,76,62,-14,Omaha Mavericks -14,L
2026-03-06,401851246,Florida Gulf Coast Eagles,Lipscomb Bisons,Lipscomb Bisons -4,Lipscomb Bisons -4,Lipscomb Bisons -13.5,-0,23,15,13.5,-4,19,11,9.5,0.8,0,0.6,0.8,9.5,11.9,-4,132.62243586042428,70.01116379310345,67.615,8.810565873152498,-2.3961637931034545,0.055444317095725726,0.10506536778673059,0.3,0.375,10.90593939855053,6,2,4,2,29,68.065,67.16499999999999,-0.014609831842663512,-1.7687811249464378,0.05844981066354731,-0.5311800653488555,7.293767584451799,3.482061922359463,4.884848498329993,30,-5.642217869571709,-1.8662241066545482,-5.461858427416512,-4.142258893260003,7.042432910269212,-3.8360204213491524,-5.221664578412732,29,77,53,-24,Florida Gulf Coast Eagles -24,L
2026-03-06,401814603,Western Michigan Broncos,Kent State Golden Flashes,Kent State Golden Flashes -12.5,Western Michigan Broncos +12.5,Kent State Golden Flashes -7.5,1.5,28,0.5,7.5,-11,15.5,-12,-5,1,0,0.6,2.5,5,11.5,-12.5,262.75674043617164,72.1103927203065,69.06875,7.438922220916842,-3.0416427203065126,-0.06545625534334198,0.08379025749578672,0.325,0.4,13.731855046157527,3,7,-4,3,27,70.08749999999999,68.05,-1.3710753364264794,-1.8543605783430939,-1.1235078498438615,-1.921579599730055,14.974887789116627,-6.280030161475873,-3.8063957482749116,27,5.340571253574672,-1.8163390005507654,5.867560440664772,1.2082357789452782,13.926115399102015,0.5774334316453636,-1.18923008968795,29,78,86,8,Kent State Golden Flashes -8,W
2026-03-06,401814600,Central Michigan Chippewas,Ball State Cardinals,Ball State Cardinals -2,Central Michigan Chippewas +2,Central Michigan Chippewas -6,-8,4,-10,-6,-10,2,-12,-8,1,0,0.6,0,8,10.7,-2,-47.88461722196075,67.6325,66.2975,9.036714671123661,-1.3349999999999937,0.025082107605749027,0.15169430299670683,0.375,0.275,17.963373677799847,6,3,3,3,28,63.9425,68.6525,1.9110510828928404,-0.7849174158254226,6.184046106396493,1.2674629315100647,13.20783825202202,-0.10965044541200256,-0.702767251717866,28,3.336093808304015,7.285719830928227,4.3167769126611955,5.614819086754047,9.902380092951095,2.0750331722532973,-1.1404069652663467,30,69,85,16,Ball State Cardinals -16,L
2026-03-06,401814601,Miami (OH) RedHawks,Ohio Bobcats,Ohio Bobcats +5.5,Miami (OH) RedHawks -5.5,Miami (OH) RedHawks -11,-16,-8.5,-9.5,-11,-10.5,-3,-4,-5.5,2.8,1.5,0.6,0,5.5,10.2,5.5,-372.08869910541966,,,,,,,,,,,,,,,,,,,,,,,,,,,,,,,,,110,108,-2,Miami (OH) RedHawks -2,L
2026-03-06,401814602,Northern Illinois Huskies,Akron Zips,Akron Zips -22.5,Akron Zips -22.5,Akron Zips -26,9.5,19.5,37.5,26,-13,-3,15,3.5,1,0,0,2.5,3.5,9.9,-22.5,557.7829038132863,71.16372126436781,69.25375,10.116646486286578,-1.9099712643678117,-0.0520083182086154,0.10579884220311231,0.25,0.42500000000000004,13.988998067143529,3,3,0,3,29,70.24,68.2675,8.133180866922585,3.429177837242658,8.80221522523164,5.203224719007423,8.07243505964335,4.425634495174066,4.571247564209173,30,-7.36808752307595,-5.964569528739638,-12.418159255615496,-9.711076684054156,14.180207694038524,-3.533141807563668,-2.5824677033897916,29,55,94,39,Akron Zips -39,W
2026-03-06,401851350,Presbyterian Blue Hose,Radford Highlanders,Radford Highlanders -2,Radford Highlanders -2,Radford Highlanders -8,-3,20,7.5,8,-5,18,5.5,6,0.8,0,0.6,1,6,8.7,-2,102.87671948599063,,,,,,,,,,,,,,,,,,,,,,,,,,,,,,,,,91,85,-6,Presbyterian Blue Hose -6,L
2026-03-06,401814599,Buffalo Bulls,Toledo Rockets,Toledo Rockets -8,Toledo Rockets -8,Toledo Rockets -13,-0.5,17,17,13,-8.5,9,9,5,0.8,0,0.6,1.7,5,8.6,-8,95.48911650089576,68.52270833333333,67.45625000000001,7.720867594011999,-1.0664583333333155,0.05254547990971803,0.02872938960853544,0.4,0.2,9.940998223637433,3,3,0,3,28,67.525,67.3875,5.517210020107884,3.956883906329325,7.733625846321927,5.42780836590523,8.71373817012214,3.9423022904306646,4.702616012763087,30,-4.070505704250197,-3.3866701034296027,-5.328572598973538,-4.409329600446909,8.06848228173988,-0.3992327078643566,1.9932493843509211,28,78,98,20,Toledo Rockets -20,W
2026-03-06,401851580,VMI Keydets,UNC Greensboro Spartans,UNC Greensboro Spartans -7.5,UNC Greensboro Spartans -7.5,UNC Greensboro Spartans -13,5,11,18.5,13,-2.5,3.5,11,5.5,0.8,0,0.6,0,5.5,8.2,-7.5,268.88571378007646,69.35645161290323,68.42750000000001,8.328894748041257,-0.9289516129032194,-0.2888561572565316,0.05766288805307185,0.175,0.4,9.8480890826044991,6,6,0,6,28,69.2975,67.5575,-0.6526561113949374,-0.5622445123016314,-1.04084340025071,0.8601455547481159,10.143621860034223,-0.6586830822504093,0.9919052974497659,28,-3.341258233057194,-6.409031399492559,-2.595371571158845,-4.648980384520811,8.381422354295543,-1.4283574974092956,-5.366679324273067,31,70,84,14,UNC Greensboro Spartans -14,W
2026-03-06,401851579,The Citadel Bulldogs,Chattanooga Mocs,Chattanooga Mocs -7.5,Chattanooga Mocs -7.5,Chattanooga Mocs -12.5,2,7,21,12.5,-5.5,-0.5,13.5,5,1,0,0,1.1,5,8.1,-7.5,156.34947201919886,66.94509925558313,66.9625,8.149606735031451,0.017400744416875114,-0.19012292282181897,0.1269514905256991,0.22499999999999998,0.4,16.126311913640297,6,9,-3,6,26,68.035,65.89,2.918563780064595,-1.3630541889350085,2.1283721076249837,0.8650407548933412,13.223320198518522,-5.053186852189489,-5.622502262576618,31,-12.215927712763197,-3.2718001326154735,-10.460272685566137,-6.877664622967339,10.868477994376269,-8.659279892765086,-7.126158872117775,26,88,85,-3,The Citadel Bulldogs -3,L
2026-03-06,401827722,UCF Knights,West Virginia Mountaineers,West Virginia Mountaineers -3.5,UCF Knights +3.5,UCF Knights -1,-8.5,9.5,-3,-1,-12,6,-6.5,-4.5,1,0,0.6,1.2,4.5,8.1,-3.5,-85.12324658693615,67.59228756157636,65.9825,7.766165868014714,-1.6097875615763542,-0.07395407474102433,0.3309344282144171,0.32499999999999996,0.275,12.719911694659503,3,6,-3,3,28,63.4525,68.5125,-0.8693862598212052,-4.7440340055845,-1.4917116465650722,-2.3211650730722444,10.790887798533495,-6.334679619867498,-1.4483975517503647,29,0.7542403861952268,-2.364537546664544,1.6621305667501252,-2.0698420360170586,12.28359455036598,-3.1529484602997395,-3.5178827684215377,28,62,77,15,West Virginia Mountaineers -15,L
2026-03-06,401851348,Charleston Southern Buccaneers,Winthrop Eagles,Winthrop Eagles -6.5,Winthrop Eagles -6.5,Winthrop Eagles -11.5,3.5,16.5,12.5,11.5,-3,10,6,5,0.8,0,0.6,0,5,7.7,-6.5,147.6509667500377,73.38777777777779,73.5175,10.144707631658882,0.1297222222222132,0.06435029661103342,0.047254714977388756,0.375,0.32499999999999996,9.90286106691285,6,6,0,6,27,71.6425,75.3925,-2.4696436234770336,-0.4233864147019485,-3.772714168463884,-1.8009511635835,6.368120541941725,-3.4044022308978388,0.554062733042049,30,0.04750835638939517,-2.369129928347471,4.4398683095030655,0.2938502483791487,14.106678484730665,-1.8331737964317232,-0.26106357905273747,27,81,86,5,Winthrop Eagles -5,L
2026-03-06,401851349,Longwood Lancers,UNC Asheville Bulldogs,UNC Asheville Bulldogs -1.5,Longwood Lancers +1.5,Longwood Lancers -0.5,-6,13,-4,-0.5,-7.5,11.5,-5.5,-2,1,0,0.6,2.3,2,6.9,-1.5,-18.94320183264608,,,,,,,,,,,,,,,,,,,,,,,,,,,,,,,,,82,85,3,UNC Asheville Bulldogs -3,L
2026-03-06,401851624,Denver Pioneers,North Dakota Fighting Hawks,North Dakota Fighting Hawks +3.5,Denver Pioneers -3.5,Denver Pioneers -8.5,-6,-3,-12.5,-8.5,-2.5,0.5,-9,-5,1,0,0.6,0,5,6.9,3.5,-50.61335410526135,70.08877688172043,68.4675,7.72607373305232,-1.6212768817204335,0.018596336890139398,0.04428638448204314,0.275,0.375,14.724671850403642,6,8,-2,6,30,68.91499999999999,68.02,-7.149172806876265,-2.7166656236384874,-10.194926451161704,-7.137355650752012,11.719834031441854,-3.714218243728252,-1.5741876530992778,30,0.8897646609103369,4.087690518707519,-3.637690080708182,2.7997115255107943,16.770555489235445,3.6090785165380797,0.5551915903132799,31,67,83,16,North Dakota Fighting Hawks -16,L
2026-03-06,401851248,West Georgia Wolves,Queens University Royals,Queens University Royals -8,Queens University Royals -8,Queens University Royals -11,2,20.5,10,11,-5.5,13,2.5,3,0.8,0,0.6,1.1,3,6.1,-7.75,133.9432906312568,70.7375,70.13125,8.540216455390553,-0.6062500000000028,0.08352348115701158,0.14911558754309873,0.225,0.32499999999999996,10.109830123921114,6,2,4,2,30,70.765,69.4975,4.8780514325736215,1.563990534731544,5.376184843096978,3.6807960589985393,6.487498108046512,2.434814996258295,2.899952599733564,30,1.5445467490287341,1.5903984643287872,2.7360509216807225,2.435175464553283,5.746312122981296,-2.7280566944025866,-4.131389244490804,30,63,71,8,Queens University Royals -8,P
2026-03-06,401823787,UNLV Rebels,San Diego State Aztecs,San Diego State Aztecs -10.5,UNLV Rebels +10.5,San Diego State Aztecs -9.5,0,21.5,7.5,9.5,-10.5,11,-3,-1,1,0,0.6,2.2,1,6.1,-10.5,135.69090583026718,71.18893678160919,69.44125,8.207538661471023,-1.7476867816091897,0.07339771583894583,0.1916497072488026,0.275,0.35,16.45079354055848,3,3,0,3,27,68.35,70.5325,-4.010383784897563,2.2445613509875164,-2.4487301897190994,0.04158336354324779,13.151024723639534,5.198444427658625,5.781291984047545,29,6.10378152752014,-0.2186432181146499,9.732227696934412,4.6418698364700735,14.6288786153934,5.723744691434336,3.4655741605367685,27,86,89,3,San Diego State Aztecs -3,W
2026-03-06,401812624,Columbia Lions,Harvard Crimson,Harvard Crimson -4,Harvard Crimson -4,Harvard Crimson -6,-4.5,5,12,6,-8.5,1,8,2,0.8,0,0.6,1.7,2,5.9,-4,102.61241132086047,65.963,64.0025,9.06430796014757,-1.9604999999999961,0.07198268405031061,0.10756827659088075,0.325,0.35,11.452872159669443,6,6,0,6,25,62.3525,65.6525,4.717397874840578,5.644500516250747,2.7801632464219943,4.3530735711661155,12.264864914866068,-0.9414398340885429,-2.713488869791566,25,0.22490172379064327,-5.091022372340781,0.7279215297181637,-3.535179889085303,9.114160461357475,0.5807220574938958,1.3293726518949718,25,71,81,10,Harvard Crimson -10,W
2026-03-06,401851247,Stetson Hatters,Austin Peay Governors,Austin Peay Governors -11.5,Stetson Hatters +11.5,Austin Peay Governors -7.5,0.5,12,9,7.5,-11,0.5,-2.5,-4,1,0,0.6,0,4,5.7,-11.5,204.2443056151726,69.85490823136819,68.12375,10.428632339880233,-1.731158231368184,0.08363822767384388,0.032853886838875024,0.375,0.275,11.981246794279139,6,2,4,2,29,70.835,65.4125,-6.426719763608557,-0.08430777847405206,-10.470584826454086,-3.6991032506153805,11.061466277839092,4.597877950922247,4.567630686580198,29,5.39286900951221,-0.2313118770301393,9.58756382348973,4.247597512516461,10.867232508167183,-1.2441677147631158,0.3363243061478241,31,60,69,9,Austin Peay Governors -9,W
2026-03-06,401822972,St. John's Red Storm,Seton Hall Pirates,Seton Hall Pirates +4.5,St. John's Red Storm -4.5,St. John's Red Storm -7.5,-11,-4,-7.5,-7.5,-6.5,0.5,-3,-3,1,0,0.6,0,3,4.9,4.5,-199.0947419025715,68.9457327586207,67.16624999999999,9.382754908151227,-1.779482758620702,0.1601071522547437,0.01994649440984886,0.35,0.22499999999999998,13.62040385195926,3,3,0,3,29,65.3175,69.015,-0.406303894471962,-0.0993033243082511,1.8066804623199963,0.03964119666594922,11.33845777748839,-1.9850926019186008,-4.860416853040231,30,0.3523695488315511,3.697616781434282,-0.11152926294844351,2.0448397692640166,20.37565254084041,-3.0402997779705565,0.016819869421306324,29,72,65,-7,St. John's Red Storm -7,W
2026-03-06,401814598,Bowling Green Falcons,Eastern Michigan Eagles,Eastern Michigan Eagles +4.5,Eastern Michigan Eagles +4.5,Bowling Green Falcons -4.5,-10.5,-10,1.5,-4.5,-6,-5.5,6,0,1,0,0,2.3,0,4.6,4.5,-168.18389498662236,70.39719827586208,69.33875,8.407137339167278,-1.0584482758620766,-0.13078823544028695,0.012473214183997827,0.35,0.375,15.558413565571751,3,6,-3,3,29,68.5725,70.105,-3.3848278008093384,-2.3454258460166053,-1.3238235613797162,-1.1392426689396795,11.654575127557186,0.07674689231745964,2.4712739822202745,30,-0.6713620877662738,-1.8265282935155167,-0.044889019894969094,-0.4079441752513498,13.369779357050621,-3.9583159752939308,0.4078948061945332,29,77,69,-8,Bowling Green Falcons -8,L
2026-03-06,401828462,VCU Rams,Dayton Flyers,Dayton Flyers -1.5,Dayton Flyers -1.5,Dayton Flyers -2,-6.5,1,7,2,-8,-0.5,5.5,0.5,1,0,0,1.6,0.5,4.4,-1.5,-39.55040870011953,69.32277777777777,68.26249999999999,13.842805002255428,-1.0602777777777845,0.15367238422789686,0.03592443469789153,0.275,0.3,13.396915206825277,3,3,0,3,27,67.80499999999999,68.72,10.013630518223628,0.8335457222656515,7.176810119815358,4.85906526669727,8.554732309171255,9.748964531571445,9.101639305930469,27,2.4794987043423165,3.3701820730462964,1.3407062214822725,2.9800609204979196,7.813166422670329,1.22796212489498,1.7264356452584781,30,68,62,-6,VCU Rams -6,L
2026-03-06,401851347,Gardner-Webb Runnin' Bulldogs,High Point Panthers,High Point Panthers NANA,NA NANA,High Point Panthers -23,11,22.5,29.5,23,,,,,0,0,0,0,,,,600.7719161166433,71.47621228448276,70.30125,11.702047823086776,-1.1749622844827599,0.0208189178543271,0.047144767432732215,0.175,0.55,8.924921296967185,8,2,6,2,29,71.74,68.8625,7.383997645775912,6.172251499962071,4.154054272429813,5.986561334040069,9.392129039792946,4.488659332534782,7.717984653056457,29,3.495714930633673,-1.568419845780978,4.113643606909597,0.9838467244382773,4.241458967600422,3.9059536528203775,-1.2848133300172817,32,59,81,22,High Point Panthers -22,
2026-03-06,401851245,Bellarmine Knights,Central Arkansas Bears,Central Arkansas Bears NANA,NA NANA,Central Arkansas Bears -11.5,3.5,11,15.5,11.5,,,,,0,0,0,0,,,,271.5903392462885,68.69893039591315,67.5175,10.697840895029799,-1.1814303959131536,0.16433281143652856,0.18835833755796694,0.30000000000000004,0.35,8.794522629900374,6,2,4,2,27,69.955,65.08,3.6127004576201767,4.828471044355304,3.5475228603601647,3.952512253344372,4.367712076996895,2.795812432140711,4.697771522633225,27,0.38538336908578863,2.697992493572845,2.4110039395916893,1.3698154057463703,11.453697924531296,-4.590757870754809,-5.532152829261496,29,73,86,13,Central Arkansas Bears -13,
2026-03-08,401851602,Houston Christian Huskies,New Orleans Privateers,New Orleans Privateers -4.5,New Orleans Privateers -4.5,New Orleans Privateers -13,-2,13.5,20,13,-6.5,9,15.5,8.5,0.8,0,0.6,1.3,8.5,11.7,-4.5,132.4538980375089,,,,,,,,,,,,,,,,,,,,,,,,,,,,,,,,,60,73,13,New Orleans Privateers -13,W
2026-03-08,401851547,Colgate Raiders,Lehigh Mountain Hawks,Lehigh Mountain Hawks +1.5,Lehigh Mountain Hawks +1.5,Lehigh Mountain Hawks -6,-7.5,6,13,6,-6,7.5,14.5,7.5,0.8,0,0.6,1.2,7.5,10.9,1.5,-69.69177561560355,,,,,,,,,,,,,,,,,,,,,,,,,,,,,,,,,69,76,7,Lehigh Mountain Hawks -7,W
2026-03-08,401851431,Northern Kentucky Norse,Green Bay Phoenix,Green Bay Phoenix +2.5,Green Bay Phoenix +2.5,Green Bay Phoenix -5,-4.5,7.5,8,5,-2,10,10.5,7.5,0.8,0,0.6,0,7.5,9.6,2.5,-17.543368483301947,,,,,,,,,,,,,,,,,,,,,,,,,,,,,,,,,96,76,-20,Northern Kentucky Norse -20,L
2026-03-08,401828262,East Carolina Pirates,UAB Blazers,UAB Blazers -10.5,East Carolina Pirates +10.5,UAB Blazers -5,0.5,17.5,1,5,-10,7,-9.5,-5.5,1,0,0.6,1.4,5.5,9.1,-10.5,231.48403333699048,,,,,,,,,,,,,,,,,,,,,,,,,,,,,,,,,83,90,7,UAB Blazers -7,W
2026-03-08,401828265,UTSA Roadrunners,Rice Owls,Rice Owls -11.5,UTSA Roadrunners +11.5,Rice Owls -7.5,3.5,9.5,8.5,7.5,-8,-2,-3,-4,2.8,1.5,0.6,0,4,8.9,-11.5,214.5701221336465,,,,,,,,,,,,,,,,,,,,,,,,,,,,,,,,,71,80,9,Rice Owls -9,W
2026-03-08,401828266,Temple Owls,Tulsa Golden Hurricane,Tulsa Golden Hurricane -11.5,Tulsa Golden Hurricane -11.5,Tulsa Golden Hurricane -15.5,3.5,11,24,15.5,-8,-0.5,12.5,4,1,0,0,1.6,4,7.8,-11.5,253.71429786796375,,,,,,,,,,,,,,,,,,,,,,,,,,,,,,,,,76,78,2,Tulsa Golden Hurricane -2,L
2026-03-08,401825567,Illinois Fighting Illini,Maryland Terrapins,Maryland Terrapins +15.5,Illinois Fighting Illini -15.5,Illinois Fighting Illini -20,-23,-11,-23.5,-20,-7.5,4.5,-8,-4.5,1,0,0.6,0.9,4.5,7.7,15.5,-444.3882008128255,,,,,,,,,,,,,,,,,,,,,,,,,,,,,,,,,78,72,-6,Illinois Fighting Illini -6,L
2026-03-08,401828263,Charlotte 49ers,South Florida Bulls,South Florida Bulls -16.5,South Florida Bulls -16.5,South Florida Bulls -17.5,5,12.5,26.5,17.5,-11.5,-4,10,1,1,0,0,2.3,1,7.5,-16.5,356.49871669883123,,,,,,,,,,,,,,,,,,,,,,,,,,,,,,,,,60,83,23,South Florida Bulls -23,W
2026-03-08,401828264,Memphis Tigers,Tulane Green Wave,Tulane Green Wave +1,Tulane Green Wave +1,Tulane Green Wave -2,-5,8,3,2,-4,9,4,3,0.8,0,0.6,0,3,6.4,1,9.45659417981824,,,,,,,,,,,,,,,,,,,,,,,,,,,,,,,,,96,95,-1,Memphis Tigers -1,P
2026-03-08,401851548,Boston University Terriers,Navy Midshipmen,Navy Midshipmen -7,Navy Midshipmen -7,Navy Midshipmen -9.5,-0,9,14.5,9.5,-7,2,7.5,2.5,0.8,0,0.6,1.4,2.5,5.8,-7,181.3183036911801,,,,,,,,,,,,,,,,,,,,,,,,,,,,,,,,,73,72,-1,Boston University Terriers -1,L
2026-03-08,401825569,Iowa Hawkeyes,Nebraska Cornhuskers,Nebraska Cornhuskers -6.5,Iowa Hawkeyes +6.5,Nebraska Cornhuskers -6,-3,7,10.5,6,-9.5,0.5,4,-0.5,0.8,0,0,0,0.5,5.3,-6.5,96.3792849363806,,,,,,,,,,,,,,,,,,,,,,,,,,,,,,,,,75,84,9,Nebraska Cornhuskers -9,L
2026-03-08,401825570,Penn State Nittany Lions,Rutgers Scarlet Knights,Rutgers Scarlet Knights -5.5,Rutgers Scarlet Knights -5.5,Rutgers Scarlet Knights -6,-3.5,12.5,7.5,6,-9,7,2,0.5,0.8,0,0.6,1.8,0.5,4.6,-5.5,83.3785316627966,,,,,,,,,,,,,,,,,,,,,,,,,,,,,,,,,62,74,12,Rutgers Scarlet Knights -12,W
2026-03-08,401825568,Michigan State Spartans,Michigan Wolverines,Michigan Wolverines -9.5,Michigan State Spartans +9.5,Michigan Wolverines -7,-0,8,9.5,7,-9.5,-1.5,0,-2.5,1,0,0.6,0,2.5,4.5,-9.5,177.2126273661729,,,,,,,,,,,,,,,,,,,,,,,,,,,,,,,,,80,90,10,Michigan Wolverines -10,L
2026-03-08,401851604,Northwestern State Demons,Nicholls Colonels,Nicholls Colonels -2.5,Nicholls Colonels -2.5,Nicholls Colonels -3.5,-3.5,10,4,3.5,-6,7.5,1.5,1,0.8,0,0.6,1.2,1,4.3,-2.5,37.22209457241843,,,,,,,,,,,,,,,,,,,,,,,,,,,,,,,,,47,61,14,Nicholls Colonels -14,W
2026-03-07,401827724,Texas Tech Red Raiders,BYU Cougars,BYU Cougars -2,Texas Tech Red Raiders +2,Texas Tech Red Raiders -11,-8,-4.5,-15.5,-11,-10,-6.5,-17.5,-13,2.8,1.5,0.6,0,13,17.6,-2,-139.21142384201448,,,,,,,,,,,,,,,,,,,,,,,,,,,,,,,,,76,82,6,BYU Cougars -6,L
2026-03-07,401804963,Sam Houston Bearkats,Liberty Flames,Liberty Flames -4.5,Sam Houston Bearkats +4.5,Sam Houston Bearkats -6.5,-5.5,2,-11,-6.5,-10,-2.5,-15.5,-11,2.8,1.5,0.6,0,11,15.7,-4.5,-35.75002292556701,,,,,,,,,,,,,,,,,,,,,,,,,,,,,,,,,72,79,7,Liberty Flames -7,L
2026-03-07,401828463,Davidson Wildcats,St. Bonaventure Bonnies,St. Bonaventure Bonnies -3.5,Davidson Wildcats +3.5,Davidson Wildcats -6.5,-7,-12.5,-3.5,-6.5,-10.5,-16,-7,-10,2.8,1.5,0.6,0,10,15,-3.5,-73.0140895032971,,,,,,,,,,,,,,,,,,,,,,,,,,,,,,,,,68,63,-5,Davidson Wildcats -5,W
2026-03-07,401830012,Cornell Big Red,Dartmouth Big Green,Dartmouth Big Green +5,Cornell Big Red -5,Cornell Big Red -14.5,-12.5,-32.5,-6.5,-14.5,-7.5,-27.5,-1.5,-9.5,2.8,1.5,0.6,0,9.5,14.4,5,-194.60899532782264,,,,,,,,,,,,,,,,,,,,,,,,,,,,,,,,,111,90,-21,Cornell Big Red -21,W
2026-03-07,401808283,South Carolina Gamecocks,Ole Miss Rebels,Ole Miss Rebels -7,South Carolina Gamecocks +7,South Carolina Gamecocks -2.5,-7.5,0.5,-2,-2.5,-14,-6,-8.5,-9.5,2.8,1.5,0.6,0,9.5,14.2,-6.75,-13.463293763483534,,,,,,,,,,,,,,,,,,,,,,,,,,,,,,,,,64,61,-3,South Carolina Gamecocks -3,W
2026-03-07,401851198,New Hampshire Wildcats,UMBC Retrievers,UMBC Retrievers -12.5,UMBC Retrievers -12.5,UMBC Retrievers -22.5,7.5,15,34,22.5,-5,2.5,21.5,10,0.8,0,0.6,1,10,13,-12.5,401.69960253402473,,,,,,,,,,,,,,,,,,,,,,,,,,,,,,,,,69,84,15,UMBC Retrievers -15,W
2026-03-07,401804967,Western Kentucky Hilltoppers,Florida International Panthers,Florida International Panthers +1,Western Kentucky Hilltoppers -1,Western Kentucky Hilltoppers -9.5,-8,9,-19,-9.5,-7,10,-18,-8.5,1,0,0.6,2,8.5,12.9,1,-108.9763063894793,,,,,,,,,,,,,,,,,,,,,,,,,,,,,,,,,67,92,25,Florida International Panthers -25,L
2026-03-07,401851201,Maine Black Bears,NJIT Highlanders,NJIT Highlanders -4,Maine Black Bears +4,Maine Black Bears -4,-1.5,1,-8,-4,-5.5,-3,-12,-8,2.8,1.5,0.6,0,8,12.8,-3.75,108.73402574815144,,,,,,,,,,,,,,,,,,,,,,,,,,,,,,,,,58,60,2,NJIT Highlanders -2,W
2026-03-07,401827726,Arizona State Sun Devils,Iowa State Cyclones,Iowa State Cyclones -15.5,Arizona State Sun Devils +15.5,Iowa State Cyclones -14,0.5,40,8,14,-15,24.5,-7.5,-1.5,1,0,0.6,2.5,1.5,12.7,-15.5,154.53550552947013,,,,,,,,,,,,,,,,,,,,,,,,,,,,,,,,,65,86,21,Iowa State Cyclones -21,L
2026-03-07,401822974,Xavier Musketeers,Villanova Wildcats,Villanova Wildcats -11.5,Xavier Musketeers +11.5,Villanova Wildcats -4.5,2,9,3.5,4.5,-9.5,-2.5,-8,-7,2.8,1.5,0.6,0,7,11.9,-11.5,261.59904352413105,,,,,,,,,,,,,,,,,,,,,,,,,,,,,,,,,78,91,13,Villanova Wildcats -13,L
2026-03-07,401829340,New Mexico Lobos,Utah State Aggies,Utah State Aggies -7.5,New Mexico Lobos +7.5,Utah State Aggies -0.5,-2.5,4.5,-0,0.5,-10,-3,-7.5,-7,2.8,1.5,0.6,0,7,11.9,-7.5,28.46493334005868,,,,,,,,,,,,,,,,,,,,,,,,,,,,,,,,,90,94,4,Utah State Aggies -4,W
2026-03-07,401827728,Houston Cougars,Oklahoma State Cowboys,Oklahoma State Cowboys +12.5,Houston Cougars -12.5,Houston Cougars -19.5,-13.5,-22,-21,-19.5,-1,-9.5,-8.5,-7,2.8,1.5,0.6,0,7,11.8,12.5,-278.51221322672313,,,,,,,,,,,,,,,,,,,,,,,,,,,,,,,,,82,75,-7,Houston Cougars -7,L
2026-03-07,401825565,Wisconsin Badgers,Purdue Boilermakers,Purdue Boilermakers -8.5,Wisconsin Badgers +8.5,Purdue Boilermakers -2,-2,4,3,2,-10.5,-4.5,-5.5,-6.5,2.8,1.5,0.6,0,6.5,11.4,-8.5,33.30889456370801,,,,,,,,,,,,,,,,,,,,,,,,,,,,,,,,,97,93,-4,Wisconsin Badgers -4,W
2026-03-07,401820792,Pittsburgh Panthers,Syracuse Orange,Syracuse Orange -6.5,Pittsburgh Panthers +6.5,Pittsburgh Panthers -2,-2,11,-8,-2,-8.5,4.5,-14.5,-8.5,1,0,0.6,0.9,8.5,11.3,-6.5,81.91493264557562,,,,,,,,,,,,,,,,,,,,,,,,,,,,,,,,,71,69,-2,Pittsburgh Panthers -2,W
2026-03-07,401851326,Sacramento State Hornets,Idaho Vandals,Idaho Vandals -6.5,Idaho Vandals -6.5,Idaho Vandals -14,-1.5,27,15.5,14,-8,20.5,9,7.5,0.8,0,0.6,1.6,7.5,11.3,-6.5,142.0587521684347,,,,,,,,,,,,,,,,,,,,,,,,,,,,,,,,,45,68,23,Idaho Vandals -23,W
2026-03-07,401822976,Providence Friars,Georgetown Hoyas,Georgetown Hoyas -1,Providence Friars +1,Providence Friars -7,-8,3.5,-12,-7,-9,2.5,-13,-8,1,0,0.6,0,8,11,-1,-84.86614136268963,,,,,,,,,,,,,,,,,,,,,,,,,,,,,,,,,79,80,1,Georgetown Hoyas -1,P
2026-03-07,401808288,Auburn Tigers,Alabama Crimson Tide,Alabama Crimson Tide -8.5,Alabama Crimson Tide -8.5,Alabama Crimson Tide -16,1,10.5,26,16,-7.5,2,17.5,7.5,0.8,0,0.6,1.5,7.5,10.9,-8.5,204.0343151241002,,,,,,,,,,,,,,,,,,,,,,,,,,,,,,,,,84,96,12,Alabama Crimson Tide -12,W
2026-03-07,401808284,Georgia Bulldogs,Mississippi State Bulldogs,Mississippi State Bulldogs +5.5,Georgia Bulldogs -5.5,Georgia Bulldogs -14,-12,-4.5,-20,-14,-6.5,1,-14.5,-8.5,1,0,0.6,0,8.5,10.9,5.5,-251.7190889821602,,,,,,,,,,,,,,,,,,,,,,,,,,,,,,,,,102,96,-6,Georgia Bulldogs -6,W
2026-03-07,401828468,La Salle Explorers,Saint Joseph's Hawks,Saint Joseph's Hawks -10,Saint Joseph's Hawks -10,Saint Joseph's Hawks -18,6.5,20,22.5,18,-3.5,10,12.5,8,0.8,0,0.6,0,8,10.8,-10,272.1185560184542,,,,,,,,,,,,,,,,,,,,,,,,,,,,,,,,,76,88,12,Saint Joseph's Hawks -12,W
2026-03-07,401820788,North Carolina Tar Heels,Duke Blue Devils,Duke Blue Devils -17.5,North Carolina Tar Heels +17.5,Duke Blue Devils -17,3.5,9,28.5,17,-14,-8.5,11,-0.5,1,0,0.6,2.2,0.5,10.5,-17.5,214.4476913037006,,,,,,,,,,,,,,,,,,,,,,,,,,,,,,,,,61,76,15,Duke Blue Devils -15,W
2026-03-07,401820795,California Golden Bears,Wake Forest Demon Deacons,Wake Forest Demon Deacons -6,California Golden Bears +6,Wake Forest Demon Deacons -0.5,-4.5,-5.5,5.5,0.5,-10,-11,-0.5,-5.5,2.8,1.5,0.6,0,5.5,10.3,-5.75,-65.23614615073348,,,,,,,,,,,,,,,,,,,,,,,,,,,,,,,,,73,80,7,Wake Forest Demon Deacons -7,L
2026-03-07,401827723,Utah Utes,Baylor Bears,Baylor Bears -12.5,Utah Utes +12.5,Baylor Bears -7,0.5,7,10.5,7,-12,-5.5,-2,-5.5,2.8,1.5,0.6,0,5.5,10.3,-12.5,154.88316638386186,,,,,,,,,,,,,,,,,,,,,,,,,,,,,,,,,75,101,26,Baylor Bears -26,L
2026-03-07,401820791,Stanford Cardinal,NC State Wolfpack,NC State Wolfpack -9,Stanford Cardinal +9,NC State Wolfpack -2.5,-2.5,12.5,-0.5,2.5,-11.5,4,-9,-6.5,1,0,0.6,0,6.5,9.9,-8.75,61.24306111878673,,,,,,,,,,,,,,,,,,,,,,,,,,,,,,,,,85,84,-1,Stanford Cardinal -1,W
2026-03-07,401851582,Western Carolina Catamounts,Mercer Bears,Mercer Bears -2,Mercer Bears -2,Mercer Bears -2.5,-2.5,25.5,-6.5,2.5,-4.5,23.5,-8.5,0.5,1,0,0,2.6,0.5,9.7,-2,48.61304166058676,,,,,,,,,,,,,,,,,,,,,,,,,,,,,,,,,77,73,-4,Western Carolina Catamounts -4,L
2026-03-07,401825563,Indiana Hoosiers,Ohio State Buckeyes,Ohio State Buckeyes -4.5,Ohio State Buckeyes -4.5,Ohio State Buckeyes -11,-2,14.5,15.5,11,-6.5,10,11,6.5,0.8,0,0.6,1.3,6.5,9.5,-4.5,81.42218472221225,,,,,,,,,,,,,,,,,,,,,,,,,,,,,,,,,78,91,13,Ohio State Buckeyes -13,W
2026-03-07,401827727,Kansas State Wildcats,Kansas Jayhawks,Kansas Jayhawks -16.5,Kansas State Wildcats +16.5,Kansas Jayhawks -12,8,13.5,13.5,12,-8.5,-3,-3,-4.5,2.8,1.5,0.6,0,4.5,9.2,-16.5,289.93205615676993,,,,,,,,,,,,,,,,,,,,,,,,,,,,,,,,,85,104,19,Kansas Jayhawks -19,L
2026-03-07,401804966,Kennesaw State Owls,New Mexico State Aggies,New Mexico State Aggies -2.5,Kennesaw State Owls +2.5,Kennesaw State Owls -1.5,-7.5,-1.5,1,-1.5,-10,-4,-1.5,-4,2.8,1.5,0.6,0,4,9.1,-2.5,-44.7466695960004,,,,,,,,,,,,,,,,,,,,,,,,,,,,,,,,,76,79,3,New Mexico State Aggies -3,L
2026-03-07,401809122,UC Davis Aggies,UC Irvine Anteaters,UC Irvine Anteaters -9,UC Davis Aggies +9,UC Irvine Anteaters -5,-2.5,6,8.5,5,-11.5,-3.5,-0.5,-4,2.8,1.5,0.6,0,4,9,-9.25,106.57234499532548,,,,,,,,,,,,,,,,,,,,,,,,,,,,,,,,,69,79,10,UC Irvine Anteaters -10,L
2026-03-07,401823834,Boise State Broncos,Colorado State Rams,Colorado State Rams -1.5,Boise State Broncos +1.5,Boise State Broncos -2.5,-6.5,-3,-0.5,-2.5,-8,-4.5,-2,-4,2.8,1.5,0.6,0,4,8.9,-1.5,-8.475794107207093,,,,,,,,,,,,,,,,,,,,,,,,,,,,,,,,,78,67,-11,Boise State Broncos -11,W
2026-03-07,401820787,Georgia Tech Yellow Jackets,Clemson Tigers,Clemson Tigers -16.5,Georgia Tech Yellow Jackets +16.5,Clemson Tigers -13,6.5,14,15,13,-10,-2.5,-1.5,-3.5,2.8,1.5,0.6,0,3.5,8.6,-16.5,368.8812603044055,,,,,,,,,,,,,,,,,,,,,,,,,,,,,,,,,76,79,3,Clemson Tigers -3,W
2026-03-07,401851200,UAlbany Great Danes,UMass Lowell River Hawks,UMass Lowell River Hawks -2.5,UMass Lowell River Hawks -2.5,UMass Lowell River Hawks -5,-4,26.5,-1.5,5,-6.5,24,-4,2.5,1,0,0,2.1,2.5,8.6,-2.5,82.84628063141122,,,,,,,,,,,,,,,,,,,,,,,,,,,,,,,,,76,81,5,UMass Lowell River Hawks -5,W
2026-03-07,401820576,Air Force Falcons,Nevada Wolf Pack,Nevada Wolf Pack -24.5,Air Force Falcons +24.5,Nevada Wolf Pack -21,10,18,28,21,-14.5,-6.5,3.5,-3.5,1,0,0.6,0,3.5,8.6,-24.5,463.19819223042737,,,,,,,,,,,,,,,,,,,,,,,,,,,,,,,,,59,74,15,Nevada Wolf Pack -15,W
2026-03-07,401825562,Northwestern Wildcats,Minnesota Golden Gophers,Minnesota Golden Gophers -3,Minnesota Golden Gophers -3,Minnesota Golden Gophers -8,-2.5,13.5,11,8,-5.5,10.5,8,5,0.8,0,0.6,1.1,5,8.2,-3,34.9872894847706,,,,,,,,,,,,,,,,,,,,,,,,,,,,,,,,,66,67,1,Minnesota Golden Gophers -1,L
2026-03-07,401809152,Long Beach State Beach,Hawai'i Rainbow Warriors,Hawai'i Rainbow Warriors -13.5,Long Beach State Beach +13.5,Hawai'i Rainbow Warriors -12,-3,28.5,11.5,12,-16.5,15,-2,-1.5,1,0,0.6,2.5,1.5,8.1,-13.5,,,,,,,,,,,,,,,,,,,,,,,,,,,,,,,,,,84,75,-9,Long Beach State Beach -9,W
2026-03-07,401820794,Virginia Tech Hokies,Virginia Cavaliers,Virginia Cavaliers -11.5,Virginia Tech Hokies +11.5,Virginia Cavaliers -8.5,2,10,10.5,8.5,-9.5,-1.5,-1,-3,2.8,1.5,0.6,0,3,8,-11.5,228.61255747042424,,,,,,,,,,,,,,,,,,,,,,,,,,,,,,,,,72,76,4,Virginia Cavaliers -4,W
2026-03-07,401808281,Florida Gators,Kentucky Wildcats,Kentucky Wildcats +6,Florida Gators -6,Florida Gators -11.5,-11,-4,-15,-11.5,-5,2,-9,-5.5,1,0,0.6,0,5.5,7.8,6,-249.9293115781595,,,,,,,,,,,,,,,,,,,,,,,,,,,,,,,,,84,77,-7,Florida Gators -7,W
2026-03-07,401856425,Hampton Pirates,Towson Tigers,Towson Tigers -6.5,Towson Tigers -6.5,Towson Tigers -11,1,14.5,14.5,11,-5.5,8,8,4.5,0.8,0,0.6,1.1,4.5,7.5,-6.5,154.17112303851172,,,,,,,,,,,,,,,,,,,,,,,,,,,,,,,,,68,74,6,Towson Tigers -6,L
2026-03-07,401809164,Cal State Bakersfield Roadrunners,Cal Poly Mustangs,Cal Poly Mustangs -9.5,Cal Poly Mustangs -9.5,Cal Poly Mustangs -14.5,7,11.5,19.5,14.5,-2.5,2,10,5,0.8,0,0.6,0,5,7.5,-9.5,295.14694230322084,,,,,,,,,,,,,,,,,,,,,,,,,,,,,,,,,76,108,32,Cal Poly Mustangs -32,W
2026-03-07,401822973,UConn Huskies,Marquette Golden Eagles,Marquette Golden Eagles +9.5,UConn Huskies -9.5,UConn Huskies -12,-13.5,-10,-12.5,-12,-4,-0.5,-3,-2.5,2.8,1.5,0.6,0,2.5,7.4,9.5,-352.45209618582203,,,,,,,,,,,,,,,,,,,,,,,,,,,,,,,,,62,68,6,Marquette Golden Eagles -6,L
2026-03-07,401808287,Oklahoma Sooners,Texas Longhorns,Texas Longhorns -7.5,Oklahoma Sooners +7.5,Texas Longhorns -3.5,-0.5,14,0.5,3.5,-8,6.5,-7,-4,1,0,0.6,1.3,4,7.4,-7.5,74.15459205391721,,,,,,,,,,,,,,,,,,,,,,,,,,,,,,,,,88,85,-3,Oklahoma Sooners -3,W
2026-03-07,401820790,Louisville Cardinals,Miami Hurricanes,Miami Hurricanes -1,Miami Hurricanes -1,Miami Hurricanes -6.5,0.5,5,10.5,6.5,-0.5,3.5,9.5,5.5,0.8,0,0.6,0,5.5,7.1,-1.25,84.47825041400256,,,,,,,,,,,,,,,,,,,,,,,,,,,,,,,,,92,89,-3,Louisville Cardinals -3,L
2026-03-07,401828261,Florida Atlantic Owls,Wichita State Shockers,Wichita State Shockers -7.5,Wichita State Shockers -7.5,Wichita State Shockers -11,-0.5,15,14.5,11,-8,7.5,7,3.5,0.8,0,0.6,1.6,3.5,7.1,-7.5,103.06817881822052,,,,,,,,,,,,,,,,,,,,,,,,,,,,,,,,,70,88,18,Wichita State Shockers -18,W
2026-03-07,401828464,Richmond Spiders,Duquesne Dukes,Duquesne Dukes -5,Richmond Spiders +5,Duquesne Dukes -1.5,-2.5,8.5,-0,1.5,-7.5,3.5,-5,-3.5,1,0,0.6,0,3.5,6.9,-5,40.58694668814633,,,,,,,,,,,,,,,,,,,,,,,,,,,,,,,,,77,79,2,Duquesne Dukes -2,W
2026-03-07,401808285,Arkansas Razorbacks,Missouri Tigers,Missouri Tigers -2,Missouri Tigers -2,Missouri Tigers -4.5,-7,9.5,8,4.5,-9,7.5,6,2.5,0.8,0,0.6,1.8,2.5,6.7,-2,-152.40387483835616,,,,,,,,,,,,,,,,,,,,,,,,,,,,,,,,,88,84,-4,Arkansas Razorbacks -4,L
2026-03-07,401805214,UT Arlington Mavericks,Abilene Christian Wildcats,Abilene Christian Wildcats -1.5,Abilene Christian Wildcats -1.5,Abilene Christian Wildcats -1.5,-8.5,-7,11,1.5,-10,-8.5,9.5,0,1,0,0,3.7,0,6.6,-1.5,-103.88137868437592,,,,,,,,,,,,,,,,,,,,,,,,,,,,,,,,,64,57,-7,UT Arlington Mavericks -7,L
2026-03-07,401828467,George Washington Revolutionaries,Loyola Chicago Ramblers,Loyola Chicago Ramblers +10,George Washington Revolutionaries -10,George Washington Revolutionaries -13.5,-16.5,-7.5,-15.5,-13.5,-6.5,2.5,-5.5,-3.5,1,0,0.6,0,3.5,6.5,10,-303.4878454757559,,,,,,,,,,,,,,,,,,,,,,,,,,,,,,,,,62,68,6,Loyola Chicago Ramblers -6,L
2026-03-07,401805216,California Baptist Lancers,Southern Utah Thunderbirds,Southern Utah Thunderbirds +6,Southern Utah Thunderbirds +6,California Baptist Lancers -3,-12,-1.5,1,-3,-6,4.5,7,3,0.8,0,0.6,1.2,3,6.4,6,-221.43032249119096,,,,,,,,,,,,,,,,,,,,,,,,,,,,,,,,,82,75,-7,California Baptist Lancers -7,L
2026-03-07,401820793,Notre Dame Fighting Irish,Boston College Eagles,Boston College Eagles +1.5,Boston College Eagles +1.5,Boston College Eagles -1.5,-7,1,6.5,1.5,-5.5,2.5,8,3,0.8,0,0.6,1.1,3,6.2,1.5,-30.24722453459094,,,,,,,,,,,,,,,,,,,,,,,,,,,,,,,,,69,77,8,Boston College Eagles -8,W
2026-03-07,401823186,Cal State Fullerton Titans,Cal State Northridge Matadors,Cal State Northridge Matadors -5.5,Cal State Northridge Matadors -5.5,Cal State Northridge Matadors -8,-3,22.5,6,8,-8.5,17,0.5,2.5,0.8,0,0.6,1.7,2.5,6.2,-5.5,39.9073313352485,,,,,,,,,,,,,,,,,,,,,,,,,,,,,,,,,90,77,-13,Cal State Fullerton Titans -13,L
2026-03-07,401805215,Utah Valley Wolverines,Utah Tech Trailblazers,Utah Tech Trailblazers +6.5,Utah Tech Trailblazers +6.5,Utah Valley Wolverines -3,-9.5,-1.5,-1,-3,-3,5,5.5,3.5,0.8,0,0.6,0,3.5,6.2,6.5,-172.8432927177048,,,,,,,,,,,,,,,,,,,,,,,,,,,,,,,,,104,101,-3,Utah Valley Wolverines -3,W
2026-03-07,401828465,Rhode Island Rams,Fordham Rams,Fordham Rams -1.5,Fordham Rams -1.5,Fordham Rams -4.5,-4.5,1.5,10,4.5,-6,0,8.5,3,0.8,0,0.6,1.2,3,6,-1.5,2.539416789065399,,,,,,,,,,,,,,,,,,,,,,,,,,,,,,,,,49,61,12,Fordham Rams -12,W
2026-03-07,401818337,Princeton Tigers,Yale Bulldogs,Yale Bulldogs -14,Princeton Tigers +14,Yale Bulldogs -11.5,0.5,13.5,16,11.5,-13.5,-0.5,2,-2.5,1,0,0.6,0,2.5,6,-14,320.06793382376986,,,,,,,,,,,,,,,,,,,,,,,,,,,,,,,,,53,78,25,Yale Bulldogs -25,L
2026-03-07,401804968,Middle Tennessee Blue Raiders,Missouri State Bears,Missouri State Bears -1.5,Middle Tennessee Blue Raiders +1.5,Middle Tennessee Blue Raiders -2,-7,3.5,-2,-2,-8.5,2,-3.5,-3.5,1,0,0.6,0,3.5,6,-1.5,-55.52072261049716,,,,,,,,,,,,,,,,,,,,,,,,,,,,,,,,,75,63,-12,Middle Tennessee Blue Raiders -12,W
2026-03-07,401851325,Northern Arizona Lumberjacks,Idaho State Bengals,Idaho State Bengals -4.5,Idaho State Bengals -4.5,Idaho State Bengals -6.5,-5,4.5,13.5,6.5,-9.5,-0,9,2,1,0,0,1.9,2,6,-4.5,30.375594124701593,,,,,,,,,,,,,,,,,,,,,,,,,,,,,,,,,65,73,8,Idaho State Bengals -8,W
2026-03-07,401827725,Arizona Wildcats,Colorado Buffaloes,Colorado Buffaloes +14.5,Arizona Wildcats -14.5,Arizona Wildcats -17,-16,-9,-21.5,-17,-1.5,5.5,-7,-2.5,1,0,0.6,1.1,2.5,5.8,14.5,-363.4058799756226,,,,,,,,,,,,,,,,,,,,,,,,,,,,,,,,,89,79,-10,Arizona Wildcats -10,L
2026-03-07,401822975,Butler Bulldogs,DePaul Blue Demons,DePaul Blue Demons -3,DePaul Blue Demons -3,DePaul Blue Demons -6,-2.5,5.5,10,6,-5.5,2.5,7,3,0.8,0,0.6,1.1,3,5.8,-3,89.63311191775915,,,,,,,,,,,,,,,,,,,,,,,,,,,,,,,,,81,71,-10,Butler Bulldogs -10,L
2026-03-07,401829334,Wyoming Cowboys,San José State Spartans,San José State Spartans +6.5,San José State Spartans +6.5,Wyoming Cowboys -4,-13,-4,0.5,-4,-6.5,2.5,7,2.5,0.8,0,0.6,1.3,2.5,5.8,6.5,-250.4357832794583,,,,,,,,,,,,,,,,,,,,,,,,,,,,,,,,,88,78,-10,Wyoming Cowboys -10,L
2026-03-07,401827729,Cincinnati Bearcats,TCU Horned Frogs,TCU Horned Frogs -2,Cincinnati Bearcats +2,Cincinnati Bearcats -0.5,-6.5,7.5,-1.5,-0.5,-8,5.5,-3.5,-2.5,1,0,0.6,1.1,2.5,5.6,-1.75,-12.299864735985013,,,,,,,,,,,,,,,,,,,,,,,,,,,,,,,,,63,73,10,TCU Horned Frogs -10,L
2026-03-07,401825564,Washington Huskies,Oregon Ducks,Oregon Ducks -1.5,Oregon Ducks -1.5,Oregon Ducks -2.5,-9.5,8,6,2.5,-11,6.5,4.5,1,0.8,0,0.6,2.2,1,5.6,-1.5,-110.55746544713544,,,,,,,,,,,,,,,,,,,,,,,,,,,,,,,,,79,85,6,Oregon Ducks -6,W
2026-03-07,401828466,Saint Louis Billikens,George Mason Patriots,George Mason Patriots +7.5,Saint Louis Billikens -7.5,Saint Louis Billikens -9.5,-11.5,-4.5,-11.5,-9.5,-4,3,-4,-2,1,0,0.6,0,2,5.4,7.5,-236.37414410189035,,,,,,,,,,,,,,,,,,,,,,,,,,,,,,,,,57,86,29,George Mason Patriots -29,L
2026-03-07,401851464,Mount St. Mary's Mountaineers,Siena Saints,Siena Saints -3.5,Siena Saints -3.5,Siena Saints -3.5,-2.5,15,1,3.5,-6,11.5,-2.5,0,1,0,0,1.2,0,5.4,-3.5,61.64151341932688,,,,,,,,,,,,,,,,,,,,,,,,,,,,,,,,,58,63,5,Siena Saints -5,W
2026-03-07,401804964,Louisiana Tech Bulldogs,Delaware Blue Hens,Delaware Blue Hens +2,Delaware Blue Hens +2,Louisiana Tech Bulldogs -1,-6,-7,4.5,-1,-4,-5,6.5,1,1,0,0,1,1,5.3,2,-88.116760143688,,,,,,,,,,,,,,,,,,,,,,,,,,,,,,,,,81,38,-43,Louisiana Tech Bulldogs -43,L
2026-03-07,401820789,SMU Mustangs,Florida State Seminoles,Florida State Seminoles -1.5,Florida State Seminoles -1.5,Florida State Seminoles -2.5,-6.5,0,8.5,2.5,-8,-1.5,7,1,1,0,0,1.6,1,5.2,-1.5,-13.80952856496856,,,,,,,,,,,,,,,,,,,,,,,,,,,,,,,,,78,91,13,Florida State Seminoles -13,W
2026-03-07,401804965,Jacksonville State Gamecocks,UTEP Miners,UTEP Miners +1.5,Jacksonville State Gamecocks -1.5,Jacksonville State Gamecocks -5,-7,-1,-5.5,-5,-5.5,0.5,-4,-3.5,1,0,0.6,0,3.5,5.2,1.5,-64.98385653593004,,,,,,,,,,,,,,,,,,,,,,,,,,,,,,,,,64,61,-3,Jacksonville State Gamecocks -3,W
2026-03-07,401856423,Campbell Fighting Camels,Stony Brook Seawolves,Stony Brook Seawolves +2.5,Stony Brook Seawolves +2.5,Campbell Fighting Camels -0.5,-6,3.5,0,-0.5,-3.5,6,2.5,2,0.8,0,0.6,0,2,5.1,2.5,-10.60369865672601,,,,,,,,,,,,,,,,,,,,,,,,,,,,,,,,,96,89,-7,Campbell Fighting Camels -7,L
2026-03-07,401851519,Wagner Seahawks,Long Island University Sharks,Long Island University Sharks -9,Wagner Seahawks +9,Long Island University Sharks -5.5,0,9,6,5.5,-8.5,0,-2.5,-3.5,1,0,0.6,0,3.5,5.1,-8.75,156.51057229634398,,,,,,,,,,,,,,,,,,,,,,,,,,,,,,,,,56,64,8,Long Island University Sharks -8,W
2026-03-07,401851199,Bryant Bulldogs,Vermont Catamounts,Vermont Catamounts -13.5,Vermont Catamounts -13.5,Vermont Catamounts -14,3.5,25,13.5,14,-10,11.5,0,0.5,0.8,0,0.6,2,0.5,4.7,-13.5,307.1434181627649,,,,,,,,,,,,,,,,,,,,,,,,,,,,,,,,,57,77,20,Vermont Catamounts -20,W
2026-03-07,401825566,UCLA Bruins,USC Trojans,USC Trojans +6.5,UCLA Bruins -6.5,UCLA Bruins -8,-11,-0.5,-9.5,-8,-4.5,6,-3,-1.5,1,0,0.6,1.2,1.5,4.7,6.5,-172.31717633993594,,,,,,,,,,,,,,,,,,,,,,,,,,,,,,,,,89,68,-21,UCLA Bruins -21,W
2026-03-07,401808282,Texas A&M Aggies,LSU Tigers,LSU Tigers +3.5,Texas A&M Aggies -3.5,Texas A&M Aggies -6,-11.5,-6.5,-3.5,-6,-8,-3,0,-2.5,1,0,0.6,0,2.5,4.4,3.5,-246.00288085334,,,,,,,,,,,,,,,,,,,,,,,,,,,,,,,,,94,91,-3,Texas A&M Aggies -3,L
2026-03-07,401823806,Fresno State Bulldogs,Grand Canyon Lopes,Grand Canyon Lopes -13.5,Fresno State Bulldogs +13.5,Grand Canyon Lopes -13,3.5,19,15.5,13,-10,5.5,2,-0.5,0.8,0,0,1.1,0.5,4.4,-13.5,213.20087764584787,,,,,,,,,,,,,,,,,,,,,,,,,,,,,,,,,60,85,25,Grand Canyon Lopes -25,L
2026-03-07,401851462,Marist Red Foxes,Quinnipiac Bobcats,Quinnipiac Bobcats -1.5,Marist Red Foxes +1.5,Quinnipiac Bobcats -1,-3.5,9,-0.5,1,-5,7.5,-2,-0.5,1,0,0.6,1.5,0.5,4.3,-1.5,36.63560674497853,,,,,,,,,,,,,,,,,,,,,,,,,,,,,,,,,77,75,-2,Marist Red Foxes -2,W
2026-03-07,401856426,Elon Phoenix,William & Mary Tribe,William & Mary Tribe -4.5,William & Mary Tribe -4.5,William & Mary Tribe -7,4,6.5,8.5,7,-0.5,2,4,2.5,0.8,0,0.6,0,2.5,4.1,-4.5,210.68297545177052,,,,,,,,,,,,,,,,,,,,,,,,,,,,,,,,,62,72,10,William & Mary Tribe -10,W
2026-03-07,401851586,Furman Paladins,Samford Bulldogs,Samford Bulldogs -1.5,Samford Bulldogs -1.5,Samford Bulldogs -2,-5,10.5,1,2,-6.5,9,-0.5,0.5,1,0,0,1.3,0.5,3.7,-1.5,0.311861506530704,,,,,,,,,,,,,,,,,,,,,,,,,,,,,,,,,86,81,-5,Furman Paladins -5,L
2026-03-07,401808286,Vanderbilt Commodores,Tennessee Volunteers,Tennessee Volunteers -4,Vanderbilt Commodores +4,Tennessee Volunteers -4,-5,12,4.5,4,-9,8,0.5,-0,0.8,0,0,1.6,0,3.6,-4,-11.89174188370771,,,,,,,,,,,,,,,,,,,,,,,,,,,,,,,,,86,82,-4,Vanderbilt Commodores -4,W
2026-03-07,401851517,Stonehill Skyhawks,Mercyhurst Lakers,Mercyhurst Lakers -5.5,Mercyhurst Lakers -5.5,Mercyhurst Lakers -6,2,5.5,8.5,6,-3.5,-0,3,0.5,1,0,0,0,0.5,3.4,-5.5,140.7267496026575,,,,,,,,,,,,,,,,,,,,,,,,,,,,,,,,,51,56,5,Mercyhurst Lakers -5,L
2026-03-07,401809104,UC San Diego Tritons,UC Santa Barbara Gauchos,UC Santa Barbara Gauchos -1.5,UC Santa Barbara Gauchos -1.5,UC Santa Barbara Gauchos -2,1,6.5,0.5,2,-0.5,5,-1,0.5,1,0,0,0,0.5,2.7,-1.5,-24.814427724332973,,,,,,,,,,,,,,,,,,,,,,,,,,,,,,,,,64,63,-1,UC San Diego Tritons -1,L
2026-03-05,401851456,Manhattan Jaspers,Fairfield Stags,Fairfield Stags -5.5,Fairfield Stags -5.5,Fairfield Stags -24,19,39,19,24,13.5,33.5,13.5,18.5,2.8,1.5,0.6,0,18.5,23.4,-5.5,188.6753218557681,67.86779761904762,66.25625,8.055104709214085,-1.6115476190476272,-0.0185014646950552,0.0932726883639876,0.425,0.175,9.573929935802523,4,4,0,4,28,66.3125,66.2,-0.4622416773893825,-0.01618961489988404,-2.4830932890153616,-0.5779148889537427,15.507561493278688,-2.7065758858560423,-1.9390645185898467,30,-1.4666613104953918,-0.32711159993542643,-3.3709328443239226,-0.8345852909243218,7.832296992172378,0.8886385695503982,-2.6057317719488324,28,60,71,11,Fairfield Stags -11,W
2026-03-05,401851746,San Diego Toreros,Loyola Marymount Lions,Loyola Marymount Lions -5.5,Loyola Marymount Lions -5.5,Loyola Marymount Lions -21,18.5,28.5,18.5,21,13,23,13,15.5,2.8,1.5,0.6,0,15.5,20.5,-5.5,100.78824163001856,69.76872023809523,68.15625,11.049097040645528,-1.6124702380952272,-0.09496256944203307,0.09668320276022224,0.3,0.3,17.456293328040868,5,5,0,5,28,67.525,68.7875,1.0036453161017225,0.5320697957587779,0.33720001701646357,1.7474166205930777,7.200381306710131,-3.835149665824475,-3.253191739588914,30,-8.608919059159918,-4.136215092967126,-9.340217260620802,-7.336918542861136,11.674149484351348,-9.12964661027664,-10.361990936097763,28,,,,,
2026-03-05,401851543,Bucknell Bison,Navy Midshipmen,Navy Midshipmen -14.5,Navy Midshipmen -14.5,Navy Midshipmen -28.5,32,16.5,32,28.5,17.5,2,17.5,14,2.8,1.5,0.6,0,14,18.6,-14.5,390.1573563443287,66.87067204301076,65.98125,8.40432366285223,-0.8894220430107538,0.17803424951262414,0.01644949509843352,0.225,0.475,8.620861558641549,5,2,3,2,30,63.735,68.2275,11.6635170019071,9.731100919308467,12.062431499723017,10.239004516215088,4.8936439862175325,9.097035320673172,9.277400165442849,30,-3.0471239611151617,-3.271862274981674,0.6596423223280169,-2.90018428257677,10.278209939543991,1.2393626136030238,-1.5467347328550611,31,69,74,5,Navy Midshipmen -5,L
2026-03-05,401851485,Drake Bulldogs,Southern Illinois Salukis,Southern Illinois Salukis -4.5,Southern Illinois Salukis -4.5,Southern Illinois Salukis -17.5,14,27,14,17.5,9.5,22.5,9.5,13,2.8,1.5,0.6,0,13,17.7,-4.5,149.4691698710992,68.91684113300492,67.72999999999999,7.173462315469955,-1.1868411330049329,-0.07357091885723366,0.32469168446972263,0.45,0.2,9.96790834158172,4,4,0,4,28,68.52,66.94,2.5919472168193307,4.718263390309834,5.179632253466548,5.240446390550132,8.288558354332164,-0.5893051636589539,1.2987475944152589,28,-8.45060834912482,-7.253447348882061,-8.206110521723236,-7.577651981113353,9.09325934314534,0.3844617252751735,-2.229921844166283,29,67,63,-4,Drake Bulldogs -4,L
2026-03-05,401851546,Holy Cross Crusaders,Lehigh Mountain Hawks,Lehigh Mountain Hawks -5.5,Lehigh Mountain Hawks -5.5,Lehigh Mountain Hawks -18,18.5,17,18.5,18,13,11.5,13,12.5,2.8,1.5,0.6,0,12.5,17.3,-5.5,141.6849147327364,67.54807692307692,66.555,9.623392310866516,-0.993076923076913,-0.05181788646598306,0.05011024193291646,0.35,0.15000000000000002,9.527306413876154,5,2,3,2,26,67.475,65.635,2.8470254682291305,1.0111837065430234,3.376872310378413,2.239784001363395,9.244395822635294,3.7550378520336314,3.522991231945816,26,-1.7842083672119686,-1.4020115050808508,-1.5178567248359032,-1.5428862029322112,11.355067235460709,1.7801254940485969,0.5948269154743262,32,66,69,3,Lehigh Mountain Hawks -3,L
2026-03-05,401851544,American University Eagles,Boston University Terriers,Boston University Terriers -1.5,Boston University Terriers -1.5,Boston University Terriers -13,8.5,27,8.5,13,7,25.5,7,11.5,2.8,1.5,0.6,0,11.5,16.4,-1.5,2.739072408305219,66.05702543424317,64.365,11.4779737140185,-1.6920254342431775,0.13848770117072262,0.1287217832772265,0.3,0.25,10.625528883698776,5,5,0,5,26,63.2225,65.5075,8.159199278615368,6.365048772112616,6.850689024956959,7.796057911083069,10.398858154527376,8.020691312995336,7.484984180605486,26,2.6165760287861777,-3.193914710789939,-0.3968208537175799,-1.0794689234859622,11.037135160353008,0.1833767980196857,2.1778991846262574,31,73,75,2,Boston University Terriers -2,W
2026-03-05,401827082,Prairie View A&M Panthers,Texas Southern Tigers,Texas Southern Tigers -2,Texas Southern Tigers -2,Texas Southern Tigers -13.5,10.5,22,10.5,13.5,8.5,20,8.5,11.5,2.8,1.5,0.6,0,11.5,16.4,-2,65.16896283114147,73.87544827586207,72.4075,9.99913881350335,-1.4679482758620708,0.1103209532771372,0.08717929200799435,0.4,0.35,12.680822392337369,5,5,0,5,25,70.08500000000001,74.73,6.289389229377556,7.453123501452414,7.854223549672805,7.370253359344853,13.8262636629423,12.58121425859196,11.49741686248427,25,3.842975523691413,-2.042651432568495,6.393166988328894,2.467682689296544,7.70134426678695,-0.2901317468266744,-1.0974723650197389,29,70,59,-11,Prairie View A&M Panthers -11,L
2026-03-05,401823056,Delaware State Hornets,Maryland Eastern Shore Hawks,Maryland Eastern Shore Hawks -5.5,Maryland Eastern Shore Hawks -5.5,Maryland Eastern Shore Hawks -15.5,18.5,7,18.5,15.5,13,1.5,13,10,2.8,1.5,0.6,0,10,14.9,-5.5,124.4393496947814,66.7015376984127,65.19999999999999,8.441174939613342,-1.5015376984127045,-0.2325482509251442,0.054651723034035093,0.32499999999999996,0.32499999999999996,10.59666282333599,3,3,0,3,27,64.22749999999999,66.1725,-4.178292277385604,-3.9298449848733736,-2.640409073812479,-4.068725827775866,8.682216913912718,1.445278730728775,3.562625641183751,28,-10.932249007971317,-7.596670025087182,-9.259094817944275,-8.906057244960856,8.253476456986437,-8.559735426432315,-8.756675546259318,27,57,56,-1,Delaware State Hornets -1,L
2026-03-05,401828260,South Florida Bulls,Memphis Tigers,Memphis Tigers +6.5,South Florida Bulls -6.5,South Florida Bulls -19,-23,-6,-23,-19,-16.5,0.5,-16.5,-12.5,1,0,0.6,0,12.5,14.2,6.5,-241.3688097122192,72.78087225274726,72.0325,5.897179622966467,-0.7483722527472594,0.1543588791816416,0.03400018271844318,0.25,0.45,12.99864356351944,4,4,0,4,26,72.26,71.80499999999999,-12.18273234099316,-1.890388916504056,-12.108165492256305,-7.255914236588382,4.633357606959378,3.7094772652996704,4.17998189649224,28,10.742479260601284,9.211571884740223,12.510041751297386,9.779230510501629,4.439323584051499,8.231711446127235,7.408854212587093,26,88,81,-7,South Florida Bulls -7,W
2026-03-05,401827152,Arkansas-Pine Bluff Golden Lions,Alcorn State Braves,Alcorn State Braves +2,Alcorn State Braves +2,Alcorn State Braves -7.5,8.5,3,8.5,7.5,10.5,5,10.5,9.5,2.8,1.5,0.6,0,9.5,14.2,2,-89.19201179891184,70.8413485221675,67.02375,7.356269424602308,-3.8175985221674864,-0.05292428509787084,0.06767217865961217,0.35,0.35,12.732512487710004,2,2,0,2,28,66.095,67.9525,-0.9306321005953642,-1.2311816422398911,-3.2736963842737565,-1.6005214289316771,13.917966508116052,-2.147027883213645,0.40507481778425247,28,-9.542231604020971,-4.755925879955472,-8.17759028829544,-7.201899259638307,8.752509448498186,-4.61254462607653,-4.224939060520836,29,83,48,-35,Arkansas-Pine Bluff Golden Lions -35,L
2026-03-05,401804961,Western Kentucky Hilltoppers,Missouri State Bears,Missouri State Bears +2,Western Kentucky Hilltoppers -2,Western Kentucky Hilltoppers -13,-18.5,3,-18.5,-13,-16,5,-16,-11,1,0,0.6,1,11,14,2.25,-119.82128340178453,69.89176245210729,69.63,10.101572233130527,-0.2617624521072912,0.04705952913396372,0.04876963263631762,0.4,0.3,10.111699689415138,5,5,0,5,27,68.9575,70.3025,-3.835334273876418,-2.239591476661352,-0.299542109162048,-2.0417038681148605,8.768556827819957,-7.032529042643373,-3.325277004684538,29,14.282978824590192,5.782194072285112,17.680455913366234,10.810285889334525,11.027233480711256,7.02359103510634,4.044761774306448,27,74,87,13,Missouri State Bears -13,L
2026-03-05,401851622,South Dakota State Jackrabbits,St. Thomas-Minnesota Tommies,St. Thomas-Minnesota Tommies -5.5,St. Thomas-Minnesota Tommies -5.5,St. Thomas-Minnesota Tommies -14.5,13,19.5,13,14.5,7.5,14,7.5,9,2.8,1.5,0.6,0,9,14,-5.5,200.62021010259787,69.17938172043011,68.23500000000001,7.853133107664752,-0.9443817204301012,0.2212954548093362,0.0667623580456771,0.275,0.45,14.566365774815967,5,5,0,5,30,69.555,66.915,7.490089819102376,6.697021183370779,9.061889618579988,7.541956832823403,14.894166059011724,6.991014337879091,6.719759060573563,31,4.732686513555677,0.06573707782752006,3.046272115953965,1.193354587773179,7.953635230975784,-0.1941842308840558,-0.522983124652994,30,67,80,13,St. Thomas-Minnesota Tommies -13,W
2026-03-05,401851486,Indiana State Sycamores,Valparaiso Beacons,Valparaiso Beacons -3.5,Valparaiso Beacons -3.5,Valparaiso Beacons -12.5,12,14,12,12.5,8.5,10.5,8.5,9,2.8,1.5,0.6,0,9,13.9,-3.5,171.72690346305603,68.50478756157636,66.6,7.211461399613555,-1.90478756157637,-0.05985835845452625,0.13791533772719955,0.5,0.225,11.31398811078327,5,4,1,4,28,65.035,68.165,0.07789345442251464,-0.4684914073302454,-1.0630164995000904,-1.1921908471752083,7.867596785318338,0.9333020077937088,2.0818920482293723,28,1.20880523769459,0.01087231772465027,4.387163547037243,1.6364359884628532,13.963990388898068,5.478818184506052,3.2687527926350852,29,62,63,1,Valparaiso Beacons -1,L
2026-03-05,401804958,Louisiana Tech Bulldogs,Liberty Flames,Liberty Flames -9.5,Louisiana Tech Bulldogs +9.5,Liberty Flames -1,-1.5,8.5,-1.5,1,-11,-1,-11,-8.5,2.8,1.5,0.6,0,8.5,13.3,-9.5,157.4578998325851,65.86636904761905,66.96375,10.432892599600263,1.0973809523809592,0.02064396578131444,0.2139420638080096,0.35,0.3,10.162040004683623,5,5,0,5,27,64.02,69.9075,-7.767915663178642,-2.5052543428696694,-8.223924681093346,-5.509580245810198,10.787694453695767,-6.514198841274186,-2.788254747963029,27,-4.032102415035929,-1.2557519403888988,-4.265612248957649,-2.3322068382681547,7.607880338627064,-0.9597831385223814,-3.06870890810751,28,76,71,-5,Louisiana Tech Bulldogs -5,W
2026-03-05,401827106,Grambling Tigers,Alabama State Hornets,Alabama State Hornets -1.5,Alabama State Hornets -1.5,Alabama State Hornets -9.5,9.5,10,9.5,9.5,8,8.5,8,8,2.8,1.5,0.6,0,8,13,-1.5,4.563223332528878,70.89125,69.7675,8.636358426060083,-1.1237500000000011,-0.0340716203975473,0.05546326294213344,0.225,0.4,13.719425853782624,2,2,0,2,30,69.6625,69.8725,2.2526984043505758,3.2539947287886823,-1.1791341823059307,2.955529002073464,14.453958854094116,7.578423772566378,6.754170474243324,30,-3.900303726755405,-3.9611365315394647,-4.756788831297438,-4.189557174960565,7.140424823661691,-0.08909819682424507,-2.638526250254499,30,65,63,-2,Grambling Tigers -2,L
2026-03-05,401823271,Cal State Northridge Matadors,Cal State Bakersfield Roadrunners,Cal State Bakersfield Roadrunners +7.5,Cal State Northridge Matadors -7.5,Cal State Northridge Matadors -15,-17,-9.5,-17,-15,-9.5,-2,-9.5,-7.5,2.8,1.5,0.6,0,7.5,12.4,7.5,-337.7904873313969,74.28465517241379,75.36500000000001,6.13408555874353,1.0803448275862166,-0.16918152961595523,0.06713355992404402,0.32499999999999996,0.35,11.561827299771949,5,5,0,5,29,74.30250000000001,76.4275,-5.318603764581417,-7.88715712240012,-2.9586031868497966,-5.294218802276314,10.120761433262494,-7.007209198104702,-6.157693972081667,30,1.4969081713623704,1.2494116888261515,-3.347379264663005,1.017802325225193,15.330637539286784,-4.630191946131756,-4.480820184816786,29,86,84,-2,Cal State Northridge Matadors -2,L
2026-03-05,401828670,Mississippi Valley State Delta Devils,Jackson State Tigers,Jackson State Tigers -11.5,Mississippi Valley State Delta Devils +11.5,Jackson State Tigers -4.5,2.5,10.5,2.5,4.5,-9,-1,-9,-7,2.8,1.5,0.6,0,7,11.8,-11.5,223.2151067154589,71.29337557603687,69.685,10.150487772550347,-1.6083755760368632,-0.23831053728246387,0.03194056436446613,0.275,0.475,15.039502571174868,2,2,0,2,28,70.095,69.275,-1.6658671329765429,-2.9271815110590556,-5.756848441284914,-2.9969327160400177,16.92267907859109,5.928579369035752,4.366510602672282,28,4.105399596263633,-1.6199151972570265,5.561857906811082,0.8895330127263626,9.517463009166276,-0.958947989584924,-1.9424509610841088,31,77,85,8,Jackson State Tigers -8,W
2026-03-05,401809121,Cal Poly Mustangs,UC Irvine Anteaters,UC Irvine Anteaters -9.5,Cal Poly Mustangs +9.5,UC Irvine Anteaters -2,-2.5,15.5,-2.5,2,-12,6,-12,-7.5,1,0,0.6,1.2,7.5,10.9,-9.5,103.41810561877264,74.06382389162562,73.64,9.76455922035284,-0.4238238916256165,0.10323093396940997,0.2605709011922246,0.45,0.275,11.16225534469163,5,5,0,5,28,71.7925,75.4875,3.9436856180610342,2.294885453052297,1.6282977359865958,1.479280809068345,8.38941349092752,2.8090402137370636,0.79674407169878525,28,7.106176498684702,5.553943122145404,3.569396113001148,5.295158913529313,11.569527997160998,8.483523095872698,2.190960175189748,29,74,88,14,UC Irvine Anteaters -14,L
2026-03-05,401851454,Sacred Heart Pioneers,Iona Gaels,Iona Gaels -3.5,Iona Gaels -3.5,Iona Gaels -9.5,8,12.5,8,9.5,4.5,9,4.5,6,2.8,1.5,0.6,0,6,10.6,-3.5,44.69940842812207,69.06583333333333,67.14875,9.729369934975082,-1.9170833333333237,0.01115483421814333,0.05139983732111375,0.45,0.225,9.127061188571776,4,6,-2,4,30,65.455,68.8425,4.162950054178997,0.7591704037585909,5.252545999256012,2.0805215229572833,6.090127755064973,-0.30500996743353426,2.1674059217429127,30,3.7566228923572176,-0.16935677022332102,3.6972420428081745,0.9721446851953712,5.81475437712171,-1.7807063930174052,0.7430842558521228,30,91,80,-11,Sacred Heart Pioneers -11,L
2026-03-05,401828732,Howard Bison,Norfolk State Spartans,Norfolk State Spartans +5.5,Howard Bison -5.5,Howard Bison -12.5,-15.5,-2,-15.5,-12.5,-10,3.5,-10,-7,1,0,0.6,0,7,10.1,5.5,-134.3764319971915,70.1015804597701,70.14375,11.376570679136773,0.04216954022989228,0.424948989247133,0.07780011383735919,0.325,0.45,13.572053640769344,3,3,0,3,29,70.1775,70.11,3.9337369435491087,3.7170480363486016,1.7600869538047563,1.7766898484153728,7.102510250423935,7.303907403470558,6.9973157165244775,30,17.867477351278374,13.339758703316695,16.113439720814213,15.760015763678702,8.255274481313705,11.314033281376908,8.344263483083257,29,84,76,-8,Howard Bison -8,W
2026-03-05,401851545,Loyola Maryland Greyhounds,Colgate Raiders,Colgate Raiders -5.5,Colgate Raiders -5.5,Colgate Raiders -10.5,7.5,19.5,7.5,10.5,2,14,2,5,2.8,1.5,0.6,0,5,10,-5.5,153.0242369374282,68.22294061302682,67.18,10.764482514346286,-1.0429406130268148,0.01088951359354939,0.0430774347882259,0.275,0.35,14.424843158418328,5,5,0,5,27,66.57000000000001,67.79,-5.958748097667279,-1.5849754933328095,-9.878644272341155,-4.803731801208982,15.023991276646395,-1.3748101667379942,-0.08202504087006986,27,-0.10177508666948468,0.7689084625208841,-1.9182555138586064,-0.6502711691358118,17.40814196155905,3.310966784683579,2.1958882369572583,29,77,90,13,Colgate Raiders -13,W
2026-03-05,401828259,Tulane Green Wave,Temple Owls,Temple Owls -5,Tulane Green Wave +5,Temple Owls 0,2,-5,2,0,-3,-10,-3,-5,2.8,1.5,0.6,0,5,9.6,-5,-0.22416689405008583,67.17008928571428,66.62125,7.107732580581054,-0.5488392857142799,-0.11855755816732128,0.08589256394001854,0.525,0.175,11.033625282112798,4,4,0,4,28,64.295,68.9475,-6.357814532118535,-3.6110593360668215,-6.459397095812706,-5.4565200706391765,4.142776809416451,-6.012445063476371,-3.0112079712561215,28,-4.738931936535299,-2.6862867930063303,-10.282692534664166,-4.682156935366149,15.443117815346213,1.5232430872338594,2.5068060020289877,28,60,89,29,Temple Owls -29,L
2026-03-05,401805212,UT Arlington Mavericks,Tarleton State Texans,Tarleton State Texans -2.5,UT Arlington Mavericks +2.5,UT Arlington Mavericks -1.5,-1.5,-2,-1.5,-1.5,-4,-4.5,-4,-4,2.8,1.5,0.6,0,4,8.9,-2.5,-88.8747771813712,69.99722222222223,67.71875,7.543719993869224,-2.2784722222222342,-0.17423621500057396,0.04958928703179499,0.35,0.275,10.991224675193289,5,7,-2,5,27,68.165,67.2725,-4.535261921920653,-4.798789322673148,-3.3266252543530808,-3.537116764130569,6.848357813762064,-9.75646733739118,-3.6599795220076,27,-5.1676380785228355,-3.9704058133017863,-4.969565085368907,-4.854526104871737,10.203999333016126,-8.150861204293149,-4.937211019305872,27,65,60,-5,UT Arlington Mavericks -5,W
2026-03-05,401804962,Middle Tennessee Blue Raiders,Florida International Panthers,Florida International Panthers -1.5,Middle Tennessee Blue Raiders +1.5,Middle Tennessee Blue Raiders -3,-7.5,10,-7.5,-3,-9,8.5,-9,-4.5,1,0,0.6,1.7,4.5,8.8,-1.5,-39.626034875782125,70.59511538461538,68.97625,9.797801038324671,-1.6188653846153898,-0.08099167730531165,0.09512220073982491,0.375,0.275,11.32710770910984,5,7,-2,5,25,71.19500000000001,66.7575,-1.306205747220966,-3.220888299495211,-1.0873281938398416,-1.998688730126283,15.091714196848628,-2.8646821835352623,2.0437132306577346,26,3.589988223166128,-2.385800142901057,3.4507370103057093,-0.18257869674259225,3.222826474790455,-2.1874593137429557,-1.7067242419173878,25,73,67,-6,Middle Tennessee Blue Raiders -6,W
2026-03-05,401851745,Pepperdine Waves,Portland Pilots,Portland Pilots -2.5,Pepperdine Waves +2.5,Pepperdine Waves -3.5,-6,4.5,-6,-3.5,-8.5,2,-8.5,-6,1,0,0.6,0,6,8.6,-2.5,48.99398189177827,70.05431034482758,69.83625,6.56727779793556,-0.21806034482757752,-0.3119662642185036,0.11478584326351238,0.275,0.4,15.698062050529874,5,5,0,5,29,67.4575,72.215,-8.681528777871954,-6.361261790184884,-6.341014284536076,-6.150457895046772,12.323411285101871,3.213069102064432,2.315266786698394,29,4.554331595438404,-2.311544357515336,4.563966504043907,0.4041157489370686,8.051689196863009,-0.6021048154826923,-2.0441169457808384,29,68,77,9,Portland Pilots -9,L
2026-03-05,401827038,Southern Jaguars,Alabama A&M Bulldogs,Alabama A&M Bulldogs +1,Alabama A&M Bulldogs +1,Alabama A&M Bulldogs -2.5,2.5,3,2.5,2.5,3.5,3.5,3.5,3.5,2.8,1.5,0.6,0,3.5,8.3,0.75,28.435125068213665,70.68336206896552,67.97,7.193147848999776,-2.713362068965523,0.06609409949813849,0.05495660829900717,0.325,0.2,9.612169557260724,2,2,0,2,29,65.565,70.375,0.7345564738454835,-2.132126110246243,-0.05035305492195423,-0.8557610334008975,7.605127769017995,-4.140981814458748,-1.3565120053397808,30,-0.714144349996832,-0.2405017936696976,-0.5103475261242784,-0.1166302193427546,10.180547634727048,5.168509436078607,1.2340627169271257,29,88,85,-3,Southern Jaguars -3,L
2026-03-05,401828257,Tulsa Golden Hurricane,East Carolina Pirates,East Carolina Pirates +9.5,East Carolina Pirates +9.5,Tulsa Golden Hurricane -6.5,-6,-8,-6,-6.5,3.5,1.5,3.5,3,2.8,1.5,0.6,0,3,7.9,9.5,-302.0933791580612,69.40775862068966,69,9.025202383529338,-0.4077586206896626,0.15716353574314623,0.06753555067355133,0.425,0.325,11.567565386832598,4,8,-4,4,28,69.2475,68.7525,5.580590796008931,5.454826033700259,5.561094622942581,5.4293242233189,11.032062556682511,3.985292139407916,4.348040871126715,28,1.76443732446653,1.126755413233187,7.843927786508242,2.738679492607939,15.263941554550414,2.733612014448972,5.3297528092645265,29,93,66,-27,Tulsa Golden Hurricane -27,L
2026-03-05,401804960,Kennesaw State Owls,UTEP Miners,UTEP Miners +2.5,Kennesaw State Owls -2.5,Kennesaw State Owls -5.5,-4.5,-7.5,-4.5,-5.5,-2,-5,-2,-3,2.8,1.5,0.6,0,3,7.6,2.5,-172.49581969646192,69.25605413105413,66.2675,7.8142699988939315,-2.98855413105413,-0.03152509908549517,0.11167462782255556,0.45,0.2,11.796845997959691,5,5,0,5,26,65.06,67.475,-2.1130630606638383,0.5546341078254267,-7.071756910683183,-1.684012432634353,13.028857216891335,1.3608020251013533,0.3107724222422982,26,2.8590295249076525,0.04273513048464496,3.429488274635528,1.1527794342043718,5.967048991497063,0.16634000962045842,-3.0959869889847935,27,71,78,7,UTEP Miners -7,L
2026-03-05,401822780,Coppin State Eagles,Morgan State Bears,Morgan State Bears -6.5,Morgan State Bears -6.5,Morgan State Bears -6.5,1,23.5,1,6.5,-5.5,17,-5.5,0,1,0,0,2.3,0,7.2,-6.5,157.45496146089113,70.73725369458128,71.4625,11.43342138141307,0.7252463054187217,0.02109063106481057,0.08314871329335027,0.3,0.475,19.290500411869996,3,3,0,3,28,75.13,67.795,-0.929463837539046,4.70671022325712,-1.7426771607293507,1.1104825835411185,12.229597850338711,4.031985587530471,2.2725160613598283,28,6.696962392091382,0.3306641377356664,2.6379727454580713,1.6613799942652825,9.756041091382308,0.7251218178703848,-2.3780043183324304,29,66,70,4,Morgan State Bears -4,L
2026-03-05,401851487,Evansville Purple Aces,Northern Iowa Panthers,Northern Iowa Panthers -14.5,Northern Iowa Panthers -14.5,Northern Iowa Panthers -19,21.5,12.5,21.5,19,7,-2,7,4.5,1,0,0.6,0,4.5,7.2,-14.5,277.0390037203981,65.77370689655173,64.7025,7.924704876626867,-1.071206896551729,-0.07848886734427118,0.17702642810523894,0.32499999999999996,0.35,14.821093810605497,4,4,0,4,29,63.6575,65.7475,7.297401726738169,6.948361563428026,6.046915970447637,7.7756582952534625,13.06113895868963,4.113684904462561,1.0556482141778678,29,-8.384291397242944,-6.614219490935852,-5.575731199803504,-6.990746242290807,12.122108211461722,-7.170481701040857,-7.808241878864894,29,59,68,9,Northern Iowa Panthers -9,L
2026-03-05,401809151,UC Riverside Highlanders,Hawai'i Rainbow Warriors,Hawai'i Rainbow Warriors -11.5,UC Riverside Highlanders +11.5,Hawai'i Rainbow Warriors -6,4.5,11.5,4.5,6,-7,0,-7,-5.5,1,0,0.6,0,5.5,6.9,-11.5,250.60077533141632,71.44547146401985,72.69624999999999,9.86364440143904,1.250778535980146,0.02566601878424745,0.05737687242366074,0.275,0.35,14.528722921931267,5,5,0,5,26,72.7225,72.67,-6.3696197607081695,-1.7207308036521272,-4.719900311925499,-3.0192337054715948,14.610490160714274,1.6117927564858865,2.369841176604781,26,8.243329692789397,3.30007850521785,8.389840921825693,5.227018622380681,10.896227616142454,-0.4706505501057402,-3.3436715580306773,31,,,,,
2026-03-05,401804959,Jacksonville State Gamecocks,New Mexico State Aggies,New Mexico State Aggies -6,New Mexico State Aggies -6,New Mexico State Aggies -8,8.5,6.5,8.5,8,2.5,0.5,2.5,2,2.8,1.5,0.6,0,2,6.8,-6,36.5940915360145,,,,,,,,,,,,,,,,,,,,,,,,,,,,,,,,,75,77,2,New Mexico State Aggies -2,L
2026-03-05,401809103,UC San Diego Tritons,Cal State Fullerton Titans,Cal State Fullerton Titans +3.5,Cal State Fullerton Titans +3.5,UC San Diego Tritons -2,-2,-2.5,-2,-2,1.5,1,1.5,1.5,2.8,1.5,0.6,0,1.5,6.1,3.5,-56.267246540552605,72.91833333333332,71.31,7.465768384472301,-1.60833333333332,0.06613005456561882,0.2882755084053875,0.4,0.35,11.79750139097127,5,5,0,5,30,71.9125,70.7075,-2.8855494407763684,0.4133284871902229,-2.358198455635227,-1.2899966841545822,7.822050009708357,2.148453482981896,1.5580375703949862,30,5.130818502154145,-1.7229931494869253,4.6319270760259785,1.732775939781339,8.197078699058112,2.936420486245285,1.5704649286755687,30,69,69,0,Tie,W
2026-03-05,401829290,South Carolina State Bulldogs,North Carolina Central Eagles,North Carolina Central Eagles -7.5,South Carolina State Bulldogs +7.5,North Carolina Central Eagles -6.5,6.5,6.5,6.5,6.5,-1,-1,-1,-1,2.8,1.5,0.6,0,1,5.8,-7.5,103.68120937546246,69.23689963054187,67.11250000000001,9.768640593553547,-2.124399630541859,-0.07442787772683146,0.19343026654209283,0.375,0.3,13.447022983665477,3,3,0,3,28,65.9975,68.2275,-3.4224990183343333,-4.505189694593652,-1.2452379064131864,-3.2276220716779047,14.537954340649932,-4.340736045493439,-1.737541292555245,28,-2.179981824133033,-1.6265373408352368,-3.4262946496861177,-3.1166414299202887,10.374774047519375,-6.428751274301323,-8.214524341317526,29,80,64,-16,South Carolina State Bulldogs -16,W
2026-03-05,401805213,Utah Valley Wolverines,Southern Utah Thunderbirds,Southern Utah Thunderbirds +9,Southern Utah Thunderbirds +9,Utah Valley Wolverines -8.5,-8.5,-8.5,-8.5,-8.5,0.5,0.5,0.5,0.5,2.8,1.5,0.6,0,0.5,5.6,9,-309.648047340326,71.24642857142857,68.73375,7.228829703771062,-2.512678571428566,0.12294812902418116,0.13637320631243632,0.25,0.375,11.833246907910471,5,5,0,5,28,69.7025,67.765,4.0934551705073545,2.8240889383766508,7.336874764811214,3.6282952046042896,12.209780404756698,9.462277005674023,9.17832744127829,28,2.0380048293016673,4.031953586694682,0.9344440392965724,3.5393711995004513,9.614351617468026,-2.284838727563601,1.828511499691712,28,92,88,-4,Utah Valley Wolverines -4,W
2026-03-05,401827126,Bethune-Cookman Wildcats,Florida A&M Rattlers,Florida A&M Rattlers +2.5,Florida A&M Rattlers +2.5,Florida A&M Rattlers -1,2,-2.5,2,1,4.5,-0,4.5,3.5,1,0,0.6,0,3.5,5.2,2.5,-98.81277805908394,70.96481481481482,70.78125,10.908812017187149,-0.18356481481481524,0.0881939445517308,0.00296846486407198,0.32499999999999996,0.325,8.992254753430673,5,5,0,5,27,69.55,72.0125,8.301647041818773,-0.26171567872468715,9.405576152687493,3.625639316118732,6.487655054671447,-1.348907388940034,1.2421921008264576,27,1.8351255108286375,3.7430741315883416,3.119265553660321,2.641006028217526,5.394698902789911,2.4206183220229542,1.2582421356453644,27,77,81,4,Florida A&M Rattlers -4,W
2026-03-05,401809138,UC Davis Aggies,Long Beach State Beach,Long Beach State Beach +2,UC Davis Aggies -2,UC Davis Aggies -4,-5.5,0.5,-5.5,-4,-3.5,2.5,-3.5,-2,1,0,0.6,0,2,4.9,2,-196.89254926135004,71.65718903940886,71.14625,8.516495620754949,-0.5109390394088678,-0.05760811223704132,0.01685077443233029,0.425,0.2,8.349032134213681,5,7,-2,5,28,72.2875,70.005,-3.0594824389871618,-2.997167822422101,-1.5935940388257297,-2.3710449444696775,4.876303688956433,-2.405135101736062,0.872749956139167,28,-1.783778216865403,-0.7622330963046254,-1.0384955572858992,-0.5332548470446856,9.136432131798289,-4.863559352340791,-3.237742521983582,29,56,53,-3,UC Davis Aggies -3,W
2026-03-05,401805211,Abilene Christian Wildcats,California Baptist Lancers,California Baptist Lancers -9.5,Abilene Christian Wildcats +9.5,California Baptist Lancers -6.5,5.5,10,5.5,6.5,-4,0.5,-4,-3,1,0,0.6,0,3,4.9,-9.5,145.6391720203087,67.93787774725274,67.38,4.829778875058796,-0.5578777472527463,0.02978249390964671,0.03163054528643028,0.35,0.275,10.537731311365894,5,5,0,5,26,64.815,69.945,1.496221375566691,0.778884341173574,1.4726285018838294,0.6363951709765197,10.832282265680696,0.6138905252271002,1.1346804505713912,26,5.369877751893757,-0.6908717588491542,4.323273168219803,3.0317503400538763,5.160452548038938,-2.415729573365131,-1.187547777145469,28,41,77,36,California Baptist Lancers -36,L
2026-03-05,401804957,Sam Houston Bearkats,Delaware Blue Hens,Delaware Blue Hens +7.5,Sam Houston Bearkats -7.5,Sam Houston Bearkats -10.5,-11.5,-7.5,-11.5,-10.5,-4,0,-4,-3,1,0,0.6,0,3,4.5,7.5,-281.40691807441544,67.9766882183908,66.0675,6.570030908759357,-1.9091882183908095,0.02309632659969662,0.02493805130675164,0.25,0.325,11.441749271581486,5,5,0,5,24,63.15,68.985,4.606312521358353,-0.41275933992755903,3.3163074768141825,1.9612227353975369,8.904931403825508,-2.100920737406024,-5.420289128765725,24,3.26478735034324,2.1068618012042957,3.826257199689857,1.6486266214324947,11.84818312639199,5.682524595054766,2.4711388249455286,29,80,83,3,Delaware Blue Hens -3,L
2026-03-05,401825561,Rutgers Scarlet Knights,Michigan State Spartans,Michigan State Spartans -19.5,Michigan State Spartans -19.5,Michigan State Spartans -20.5,22.5,14.5,22.5,20.5,3,-5,3,1,1,0,0.6,1,1,4,-19.5,326.3829490496423,66.73344017094017,65.21375,8.71131113555462,-1.5196901709401658,0.0087300184081569,0.03212157489850997,0.275,0.475,16.444381453855716,4,4,0,4,26,64.0075,66.42,2.7543420352062653,4.032952172561132,5.923298494861243,3.0669487221305,14.476253448065902,9.165199858066666,8.736757128342711,27,2.708281148943609,-2.123414342833908,0.8976637601485442,-0.664480034509379,12.072763824521642,-1.3408103949239525,-2.20948408876355,26,87,91,4,Michigan State Spartans -4,L
2026-03-05,401825560,Michigan Wolverines,Iowa Hawkeyes,Iowa Hawkeyes +8.5,Michigan Wolverines -8.5,Michigan Wolverines -9,-10.5,-5,-10.5,-9,-2,3.5,-2,-0.5,1,0,0.6,0,0.5,3.9,8.5,-208.708016456613,67.83982450738917,64.95,8.135218420062293,-2.8898245073891644,0.2366021805067964,0.08985752369567401,0.30000000000000004,0.35,12.819325118525336,5,6,-1,5,28,61.0225,68.8775,-4.4431787743112405,-2.231220092119202,-2.3073561861002574,-3.3419614464437872,14.438912787935283,-2.0539514040797204,0.07653301475333808,29,7.338791787552399,9.264254235237482,5.746259567760553,8.05282730254127,11.014804074516046,7.874430887196349,7.669929052481926,28,71,68,-3,Michigan Wolverines -3,L
2026-03-05,401851698,TBD,Southern Miss Golden Eagles,Southern Miss Golden Eagles NANA,NA NANA,,,,,,,,,,0,0,0,0,,,,,68.52359195402299,67.63,10.630357890698608,-0.8935919540229946,0.0742949704321687,0.0168881402210117,0.4,0.225,8.723431703116987,6,1,5,1,29,69.675,65.585,5.561104310150011,1.9608283431478593,8.631773395516744,5.323823735701865,9.381561733542068,3.266567184042398,0.8994613625787357,29,6.611069345652319,5.015098937100443,5.59836521933859,5.485560125275159,6.800744500350153,5.947160612883413,2.521605057263058,30,80,86,6,Southern Miss Golden Eagles -6,
2026-03-05,401851620,TBD,North Dakota State Bison,North Dakota State Bison NANA,NA NANA,,,,,,,,,,0,0,0,0,,,,,69.98021282327585,69.4375,8.139944779750367,-0.5427128232758491,0.15865603249623894,0.04269688170097585,0.225,0.425,18.099960696727152,5,1,4,1,29,68.2275,70.64750000000001,7.480872163334432,3.782266311630015,7.118804902050288,4.979374631104595,17.206636125712063,4.492720323944658,5.524305977046384,29,14.595540440612115,5.151223113385,16.992675544659903,9.871707297623196,9.44691551761738,2.56824357127832,2.3639571317951766,32,65,76,11,North Dakota State Bison -11,
2026-03-05,401851526,TBD,UT Martin Skyhawks,UT Martin Skyhawks NANA,NA NANA,,,,,,,,,,0,0,0,0,,,,,67.24334770114942,65.38749999999999,6.873468920377006,-1.855847701149429,0.0070143360004734,0.0841183212458313,0.4,0.325,14.023002259137098,5,5,0,5,29,64.1325,66.6425,-3.314590864791803,0.18434868932079268,-6.699295545364208,-3.3147980568023856,13.672143196401016,-5.85430360446499,-3.969626795706869,30,-2.0660945124002086,-3.50695570186722,-4.426066354262722,-3.271021862853686,11.197365446252936,-2.170534918301248,-2.867044856890809,29,63,66,3,UT Martin Skyhawks -3,
2026-03-05,401851699,TBD,Arkansas State Red Wolves,Arkansas State Red Wolves NANA,NA NANA,,,,,,,,,,0,0,0,0,,,,,72.56200738916256,71.09625,8.897073111914796,-1.4657573891625617,0.11080803249907768,0.0993696921837124,0.375,0.4,13.83126627730725,6,1,5,1,28,72.48,69.7125,7.456558009078242,3.774400103950474,5.620220962703698,6.296041979603305,9.66812237864933,7.747242148837032,4.835404842045437,28,1.1899066663438154,-1.330073031812853,3.4871101122478985,1.0565299340563252,13.39463744222003,-1.050966889290443,-0.3878712133999681,29,80,77,-3,TBD -3,
2026-03-05,401851528,TBD,Southeast Missouri State Redhawks,Southeast Missouri State Redhawks NANA,NA NANA,,,,,,,,,,0,0,0,0,,,,,72.52778645833334,70.59625,7.793897642710245,-1.9315364583333403,0.08608352274396591,0.04377340661282403,0.30000000000000004,0.25,11.87894326384004,5,1,4,1,30,69.075,72.1175,0.16363260817359518,3.9928361930238623,1.5118924433104597,3.2413465472367644,12.417434289243603,4.344334907521068,3.593655737693602,30,-2.0524257104059123,-2.6539630831135574,1.4258240398646165,-1.8797704277871536,12.467483428086886,0.2360366171417387,1.2298245652933553,32,66,66,0,Tie,
